date,equity,cash,holdings
2018-02-08,100000.0,100000.0,0
2018-02-09,100000.0,100000.0,0
2018-02-12,100000.0,100000.0,0
2018-02-13,100000.0,100000.0,0
2018-02-14,100000.0,100000.0,0
2018-02-15,100000.0,100000.0,0
2018-02-16,100000.0,100000.0,0
2018-02-20,100000.0,100000.0,0
2018-02-21,100000.0,100000.0,0
2018-02-22,100000.0,100000.0,0
2018-02-23,100000.0,100000.0,0
2018-02-26,100000.0,100000.0,0
2018-02-27,100000.0,100000.0,0
2018-02-28,100000.0,100000.0,0
2018-03-01,100000.0,100000.0,0
2018-03-02,100000.0,100000.0,0
2018-03-05,100000.0,100000.0,0
2018-03-06,100000.0,100000.0,0
2018-03-07,100000.0,100000.0,0
2018-03-08,100000.0,100000.0,0
2018-03-09,100000.0,100000.0,0
2018-03-12,100000.0,100000.0,0
2018-03-13,100000.0,100000.0,0
2018-03-14,100000.0,100000.0,0
2018-03-15,100000.0,100000.0,0
2018-03-16,100000.0,100000.0,0
2018-03-19,100000.0,100000.0,0
2018-03-20,100000.0,100000.0,0
2018-03-21,100000.0,100000.0,0
2018-03-22,99999.82113187567,99910.43176439052,89.38936748514419
2018-03-23,99998.6781762227,99910.43176439052,88.24641183218527
2018-03-26,100000.95726391279,99910.43176439052,90.52549952226452
2018-03-27,99999.42195034912,99910.43176439052,88.99018595858838
2018-03-28,99999.31959611153,99910.43176439052,88.88783172100997
2018-03-29,100000.04289939042,99910.43176439052,89.6111349998974
2018-04-02,99998.412055205,99910.43176439052,87.98029081448142
2018-04-03,99999.23430091355,99910.43176439052,88.80253652302797
2018-04-04,100000.69796651092,99910.43176439052,90.26620212039923
2018-04-05,100000.04631119834,99910.43176439052,89.6145468078167
2018-04-06,99998.95453266417,99910.43176439052,88.52276827364697
2018-04-09,99999.52089277878,99910.43176439052,89.08912838824752
2018-04-10,100000.61949492877,99910.43176439052,90.18773053825578
2018-04-11,100000.59561227335,99910.43176439052,90.16384788282082
2018-04-12,100000.91291040984,99910.43176439052,90.48114601931388
2018-04-13,100000.95726391279,99910.43176439052,90.52549952226452
2018-04-16,100001.74197973422,99910.43176439052,91.310215343699
2018-04-17,100002.63587340908,99910.43176439052,92.20410901855044
2018-04-18,100002.82352284463,99910.43176439052,92.39175845411087
2018-04-19,100002.1616321083,99910.43176439052,91.72986771777049
2018-04-20,100001.56456572242,99910.43176439052,91.13280133189643
2018-04-23,100001.56797753034,99910.43176439052,91.13621313981571
2018-04-24,100000.31584402396,99910.43176439052,89.88407963343982
2018-04-25,100000.75937905347,99910.43176439052,90.32761466294627
2018-04-26,100001.49632956403,99910.43176439052,91.06456517351083
2018-04-27,100001.37350447894,99910.43176439052,90.94174008841674
2018-04-30,100000.71843735843,99910.43176439052,90.28667296791491
2018-05-01,100000.99138199197,99910.43176439052,90.55961760145733
2018-05-02,100000.06337023794,99910.43176439052,89.63160584741308
2018-05-03,100000.01219311915,99910.43176439052,89.58042872862389
2018-05-04,100001.30868012848,99910.43176439052,90.87691573795041
2018-05-07,100001.38715171062,99910.43176439052,90.95538732009385
2018-05-08,100001.4383288294,99910.43176439052,91.00656443888306
2018-05-09,100002.37657600721,99910.43176439052,91.94481161668514
2018-05-10,100003.20905713951,99910.43176439052,92.77729274898954
2018-05-11,100003.62529770567,99910.43176439052,93.19353331514172
2018-05-14,100003.55706154728,99910.43176439052,93.12529715675612
2018-05-15,100002.76893391792,99910.43176439052,92.33716952740237
2018-05-16,100003.3830593434,99910.43176439052,92.95129495287283
2018-05-17,100003.314823185,99910.43176439052,92.88305879448723
2018-05-18,100002.97705420101,99910.43176439052,92.54528981047848
2018-05-21,100003.65941578486,99910.43176439052,93.22765139433454
2018-05-22,100003.41035380676,99910.43176439052,92.97858941622707
2018-05-23,100003.59117962647,99910.43176439052,93.15941523594894
2018-05-24,100003.62188589775,99910.43176439052,93.19012150722244
2018-05-25,100003.33529403253,99910.43176439052,92.90352964200291
2018-05-29,100002.24351549835,99910.43176439052,91.81175110783322
2018-05-30,100003.32164680085,99910.43176439052,92.88988241032578
2018-05-31,100002.92587708222,99910.43176439052,92.49411269168928
2018-06-01,100003.90165414712,99910.43176439052,93.46988975660344
2018-06-04,100004.1814223965,99910.43176439052,93.74965800598441
2018-06-05,100004.39977810334,99910.43176439052,93.96801371281838
2018-06-06,100005.10261053471,99910.43176439052,94.67084614419012
2018-06-07,100005.133316806,99910.43176439052,94.70155241546362
2018-06-08,100005.42332047912,99910.43176439052,94.99155608860247
2018-06-11,100005.57685183549,99910.43176439052,95.14508744497007
2018-06-12,100005.69626511267,99910.43176439052,95.26450072214489
2018-06-13,100005.28684816236,99910.43176439052,94.85508377183125
2018-06-14,100005.52226290878,99910.43176439052,95.09049851826158
2018-06-15,100004.7819005903,99910.43176439052,94.35013619977777
2018-06-18,100004.37930725583,99910.43176439052,93.9475428653027
2018-06-19,100004.47824968549,99910.43176439052,94.04648529496181
2018-06-20,100004.68295816064,99910.43176439052,94.25119377011863
2018-06-21,100003.98694934511,99910.43176439052,93.55518495458544
2018-06-22,100004.08589177477,99910.43176439052,93.65412738424457
2018-06-25,100002.91905346638,99910.43176439052,92.48728907585071
2018-06-26,100003.21929256327,99910.43176439052,92.78752817274737
2018-06-27,100002.55057821108,99910.43176439052,92.11881382056843
2018-06-28,100002.97705420101,99910.43176439052,92.54528981047848
2018-06-29,100002.94634792973,99910.43176439052,92.51458353920496
2018-07-02,100003.20223352367,99910.43176439052,92.77046913315098
2018-07-03,100002.66316787242,99910.43176439052,92.23140348190468
2018-07-05,100003.41035380676,99910.43176439052,92.97858941622707
2018-07-06,100004.40318991126,99910.43176439052,93.97142552073765
2018-07-09,100005.40626143952,99910.43176439052,94.97449704900606
2018-07-10,100004.85013674869,99910.43176439052,94.41837235816337
2018-07-11,100004.9763736417,99910.43176439052,94.54460925117674
2018-07-12,100005.78838392648,99910.43176439052,95.35661953596545
2018-07-13,100005.89073816406,99910.43176439052,95.45897377354387
2018-07-16,100005.65191160972,99910.43176439052,95.22014721919423
2018-07-17,100006.2489779956,99910.43176439052,95.81721360506829
2018-07-18,100006.31380234606,99910.43176439052,95.88203795553461
2018-07-19,100005.99991601748,99910.43176439052,95.56815162696084
2018-07-20,100005.85320827695,99910.43176439052,95.42144388643177
2018-07-23,100006.31380234606,99910.43176439052,95.88203795553461
2018-07-24,100006.40592115988,99910.43176439052,95.97415676935519
2018-07-25,100006.992752122,99910.43176439052,96.5609877314714
2018-07-26,100007.23499048427,99910.43176439052,96.8032260937403
2018-07-27,100006.41274477572,99910.43176439052,95.98098038519375
2018-07-30,100005.99991601748,99910.43176439052,95.56815162696084
2018-07-31,100006.4263920074,99910.43176439052,95.99462761687087
2018-08-01,100006.31039053814,99910.43176439052,95.87862614761534
2018-08-02,100006.82216172603,99910.43176439052,96.39039733550739
2018-08-03,100007.19746059715,99910.43176439052,96.76569620662822
2018-08-06,100007.54887681284,99910.43176439052,97.1171124223141
2018-08-07,100007.85935133349,99910.43176439052,97.4275869429686
2018-08-08,100007.71605540089,99910.43176439052,97.28429101035883
2018-08-09,100007.60687754747,99910.43176439052,97.17511315694186
2018-08-10,100007.22475506051,99910.43176439052,96.79299066998246
2018-08-13,100006.82557353395,99910.43176439052,96.39380914342667
2018-08-14,100007.31687387433,99910.43176439052,96.88510948380305
2018-08-15,100006.6208650588,99910.43176439052,96.18910066826984
2018-08-16,100007.35440376143,99910.43176439052,96.9226393709151
2018-08-17,100007.68876093753,99910.43176439052,97.25699654700459
2018-08-20,100007.84570410181,99910.43176439052,97.41393971129148
2018-08-21,100007.5591122366,99910.43176439052,97.12734784607194
2018-08-22,100008.07088342449,99910.43176439052,97.63911903396398
2018-08-23,100007.9139402602,99910.43176439052,97.48217586967709
2018-08-24,100008.56559557279,99910.43176439052,98.13383118225963
2018-08-27,100009.39807670508,99910.43176439052,98.96631231456402
2018-08-28,100009.42878297636,99910.43176439052,98.99701858583755
2018-08-29,100009.87231800587,99910.43176439052,99.44055361534399
2018-08-30,100009.32642873879,99910.43176439052,98.89466434825914
2018-08-31,100009.71537484159,99910.43176439052,99.28361045105709
2018-09-04,100009.32642873879,99910.43176439052,98.89466434825914
2018-09-05,100008.93407082807,99910.43176439052,98.50230643754189
2018-09-06,100008.67136161828,99910.43176439052,98.23959722775732
2018-09-07,100008.4803003748,99910.43176439052,98.04853598427762
2018-09-10,100008.7975985113,99910.43176439052,98.36583412077069
2018-09-11,100009.14560291906,99910.43176439052,98.71383852853728
2018-09-12,100009.03983687356,99910.43176439052,98.60807248303958
2018-09-13,100009.65055049112,99910.43176439052,99.21878610059076
2018-09-14,100009.68808037823,99910.43176439052,99.25631598770286
2018-09-17,100008.78395127962,99910.43176439052,98.35218688909356
2018-09-18,100009.7187866495,99910.43176439052,99.28702225897636
2018-09-19,100009.9132597009,99910.43176439052,99.48149531037535
2018-09-20,100010.70138733025,99910.43176439052,100.2696229397291
2018-09-21,100009.95078958801,99910.43176439052,99.51902519748744
2018-09-24,100009.76996376828,99910.43176439052,99.33819937776559
2018-09-25,100009.7187866495,99910.43176439052,99.28702225897636
2018-09-26,100009.37078224173,99910.43176439052,98.93901785120978
2018-09-27,100009.65737410696,99910.43176439052,99.22560971642932
2018-09-28,100009.71537484159,99910.43176439052,99.28361045105709
2018-10-01,100009.95078958801,99910.43176439052,99.51902519748744
2018-10-02,100009.92690693258,99910.43176439052,99.49514254205248
2018-10-03,100009.81772907916,99910.43176439052,99.38596468863551
2018-10-04,100009.33325235463,99910.43176439052,98.9014879640977
2018-10-05,100008.72936235291,99910.43176439052,98.29759796238508
2018-10-08,100008.67136161828,99910.43176439052,98.23959722775732
2018-10-09,100008.61336088365,99910.43176439052,98.18159649312955
2018-10-10,100004.83648951701,99910.43176439052,94.40472512648624
2018-10-11,100004.18824601235,99910.43176439052,93.75648162182299
2018-10-12,100004.97978544961,99910.43176439052,94.54802105909602
2018-10-15,100004.1438925094,99910.43176439052,93.71212811887234
2018-10-16,100006.2694488431,99910.43176439052,95.83768445258397
2018-10-17,100005.95556251453,99910.43176439052,95.5237981240102
2018-10-18,100004.78531239822,99910.43176439052,94.35354800769704
2018-10-19,100004.66931092896,99910.43176439052,94.2375465384415
2018-10-22,100004.09271539061,99910.43176439052,93.66095100008313
2018-10-23,100003.91188957088,99910.43176439052,93.48012518036128
2018-10-24,100001.08008899789,99910.43176439052,90.64832460735862
2018-10-25,100001.5440948749,99910.43176439052,91.11233048438075
2018-10-26,100001.31209193639,99910.43176439052,90.88032754586969
2018-10-29,100000.41819826154,99910.43176439052,89.98643387101824
2018-10-30,100001.93986459354,99910.43176439052,91.50810020301725
2018-10-31,100002.81328742088,99910.43176439052,92.38152303035301
2018-11-01,100003.54000250768,99910.43176439052,93.10823811715971
2018-11-02,100003.1715272524,99910.43176439052,92.73976286187745
2018-11-05,100003.94259584216,99910.43176439052,93.5108314516348
2018-11-06,100004.25648217073,99910.43176439052,93.82471778020859
2018-11-07,100006.36497946485,99910.43176439052,95.93321507432383
2018-11-08,100006.09544663923,99910.43176439052,95.66368224870068
2018-11-09,100004.98660906545,99910.43176439052,94.55484467493457
2018-11-12,100003.24658702663,99910.43176439052,92.81482263610162
2018-11-13,100003.71741651949,99910.43176439052,93.28565212896231
2018-11-14,100002.61881436947,99910.43176439052,92.18704997895404
2018-11-15,100003.48200177305,99910.43176439052,93.05023738253198
2018-11-16,100003.949419458,99910.43176439052,93.51765506747337
2018-11-19,100002.19575018749,99910.43176439052,91.76398579696328
2018-11-20,100000.54443515456,99910.43176439052,90.11267076403162
2018-11-21,100000.96408752863,99910.43176439052,90.5323231381031
2018-11-23,100000.13843001216,99910.43176439052,89.70666562163726
2018-11-26,100001.11079526915,99910.43176439052,90.67903087863213
2018-11-27,100002.08657233407,99910.43176439052,91.6548079435463
2018-11-28,100003.91188957088,99910.43176439052,93.48012518036128
2018-11-29,100003.96989030551,99910.43176439052,93.53812591498905
2018-11-30,100004.77848878238,99910.43176439052,94.34672439185847
2018-12-03,100005.44720313456,99910.43176439052,95.01543874403743
2018-12-04,100002.89175900302,99910.43176439052,92.45999461249647
2018-12-06,100002.37316419929,99910.43176439052,91.94139980876587
2018-12-07,100000.2680787131,99910.43176439052,89.8363143225699
2018-12-10,100000.33972667939,99910.43176439052,89.90796228887478
2018-12-11,100000.89243956232,99910.43176439052,90.4606751717982
2018-12-12,100001.13808973251,99910.43176439052,90.70632534198639
2018-12-13,100000.61949492877,99910.43176439052,90.18773053825578
2018-12-14,99999.08076955719,99910.43176439052,88.64900516666036
2018-12-17,99997.88663678544,99910.43176439052,87.45487239491224
2018-12-18,99997.33733571043,99910.43176439052,86.90557131990812
2018-12-19,99996.26261621586,99910.43176439052,85.83085182533482
2018-12-20,99995.22883841631,99910.43176439052,84.79707402579288
2018-12-21,99992.43456773042,99910.43176439052,82.00280333990231
2018-12-24,99989.9541833731,99910.43176439052,79.52241898258552
2018-12-26,99994.03811745248,99910.43176439052,83.60635306196406
2018-12-27,99995.0480125966,99910.43176439052,84.61624820607102
2018-12-28,99994.89789304814,99910.43176439052,84.46612865762269
2018-12-31,99995.75766864381,99910.43176439052,85.32590425328134
2019-01-02,99994.60106575917,99910.43176439052,84.1693013686453
2019-01-03,99993.52293445668,99910.43176439052,83.09117006615273
2019-01-04,99996.62767966322,99910.43176439052,86.1959152726978
2019-01-07,99997.43286633216,99910.43176439052,87.00110194164797
2019-01-08,99998.07769802891,99910.43176439052,87.64593363839194
2019-01-09,99997.97193198341,99910.43176439052,87.54016759289425
2019-01-10,99998.65088175936,99910.43176439052,88.21911736883104
2019-01-11,99998.70888249399,99910.43176439052,88.2771181034588
2019-01-14,99998.48711497923,99910.43176439052,88.05535058870558
2019-01-15,99999.17630017892,99910.43176439052,88.74453578840021
2019-01-16,99999.30594887986,99910.43176439052,88.87418448933286
2019-01-17,100000.08509093305,100000.08509093305,0
2019-01-18,100000.08509093305,100000.08509093305,0
2019-01-22,100000.08509093305,100000.08509093305,0
2019-01-23,100000.08509093305,100000.08509093305,0
2019-01-24,100000.08509093305,100000.08509093305,0
2019-01-25,100000.08509093305,100000.08509093305,0
2019-01-28,100000.08509093305,100000.08509093305,0
2019-01-29,100000.08509093305,100000.08509093305,0
2019-01-30,100000.08509093305,100000.08509093305,0
2019-01-31,100000.08509093305,100000.08509093305,0
2019-02-01,100000.08509093305,100000.08509093305,0
2019-02-04,100000.08509093305,100000.08509093305,0
2019-02-05,100000.08509093305,100000.08509093305,0
2019-02-06,100000.08509093305,100000.08509093305,0
2019-02-07,100000.08509093305,100000.08509093305,0
2019-02-08,100000.08509093305,100000.08509093305,0
2019-02-11,100000.08509093305,100000.08509093305,0
2019-02-12,100000.08509093305,100000.08509093305,0
2019-02-13,100000.08509093305,100000.08509093305,0
2019-02-14,100000.08509093305,100000.08509093305,0
2019-02-15,100000.08509093305,100000.08509093305,0
2019-02-19,100000.08509093305,100000.08509093305,0
2019-02-20,100000.08509093305,100000.08509093305,0
2019-02-21,100000.08509093305,100000.08509093305,0
2019-02-22,100000.08509093305,100000.08509093305,0
2019-02-25,100000.08509093305,100000.08509093305,0
2019-02-26,100000.08509093305,100000.08509093305,0
2019-02-27,100000.08509093305,100000.08509093305,0
2019-02-28,100000.08509093305,100000.08509093305,0
2019-03-01,100000.08509093305,100000.08509093305,0
2019-03-04,100000.08509093305,100000.08509093305,0
2019-03-05,100000.08509093305,100000.08509093305,0
2019-03-06,100000.08509093305,100000.08509093305,0
2019-03-07,100000.08509093305,100000.08509093305,0
2019-03-08,100000.08509093305,100000.08509093305,0
2019-03-11,100000.08509093305,100000.08509093305,0
2019-03-12,100000.08509093305,100000.08509093305,0
2019-03-13,100000.08509093305,100000.08509093305,0
2019-03-14,100000.08509093305,100000.08509093305,0
2019-03-15,100000.08509093305,100000.08509093305,0
2019-03-18,100000.08509093305,100000.08509093305,0
2019-03-19,100000.08509093305,100000.08509093305,0
2019-03-20,100000.08509093305,100000.08509093305,0
2019-03-21,100000.08509093305,100000.08509093305,0
2019-03-22,100000.08509093305,100000.08509093305,0
2019-03-25,100000.08509093305,100000.08509093305,0
2019-03-26,100000.08509093305,100000.08509093305,0
2019-03-27,100000.08509093305,100000.08509093305,0
2019-03-28,100000.08509093305,100000.08509093305,0
2019-03-29,100000.08509093305,100000.08509093305,0
2019-04-01,100000.08509093305,100000.08509093305,0
2019-04-02,100000.08509093305,100000.08509093305,0
2019-04-03,100000.08509093305,100000.08509093305,0
2019-04-04,100000.08509093305,100000.08509093305,0
2019-04-05,100000.08509093305,100000.08509093305,0
2019-04-08,100000.08509093305,100000.08509093305,0
2019-04-09,100000.08509093305,100000.08509093305,0
2019-04-10,100000.08509093305,100000.08509093305,0
2019-04-11,100000.08509093305,100000.08509093305,0
2019-04-12,100000.08509093305,100000.08509093305,0
2019-04-15,100000.08509093305,100000.08509093305,0
2019-04-16,100000.08509093305,100000.08509093305,0
2019-04-17,100000.08509093305,100000.08509093305,0
2019-04-18,100000.08509093305,100000.08509093305,0
2019-04-22,100000.08509093305,100000.08509093305,0
2019-04-23,100000.08509093305,100000.08509093305,0
2019-04-24,100000.08509093305,100000.08509093305,0
2019-04-25,100000.08509093305,100000.08509093305,0
2019-04-26,100000.08509093305,100000.08509093305,0
2019-04-29,100000.08509093305,100000.08509093305,0
2019-04-30,100000.08509093305,100000.08509093305,0
2019-05-01,100000.08509093305,100000.08509093305,0
2019-05-02,100000.08509093305,100000.08509093305,0
2019-05-03,100000.08509093305,100000.08509093305,0
2019-05-06,100000.08509093305,100000.08509093305,0
2019-05-07,100000.08509093305,100000.08509093305,0
2019-05-08,100000.08509093305,100000.08509093305,0
2019-05-09,100000.08509093305,100000.08509093305,0
2019-05-10,100000.08509093305,100000.08509093305,0
2019-05-13,100000.08509093305,100000.08509093305,0
2019-05-14,100000.08509093305,100000.08509093305,0
2019-05-15,100000.08509093305,100000.08509093305,0
2019-05-16,100000.08509093305,100000.08509093305,0
2019-05-17,100000.08509093305,100000.08509093305,0
2019-05-20,100000.08509093305,100000.08509093305,0
2019-05-21,100000.08509093305,100000.08509093305,0
2019-05-22,100000.08509093305,100000.08509093305,0
2019-05-23,100000.08509093305,100000.08509093305,0
2019-05-24,100000.08509093305,100000.08509093305,0
2019-05-28,100000.08509093305,100000.08509093305,0
2019-05-29,100000.08509093305,100000.08509093305,0
2019-05-30,100000.08509093305,100000.08509093305,0
2019-05-31,100000.08509093305,100000.08509093305,0
2019-06-03,100000.08509093305,100000.08509093305,0
2019-06-04,100000.08509093305,100000.08509093305,0
2019-06-05,100000.08509093305,100000.08509093305,0
2019-06-06,100000.08509093305,100000.08509093305,0
2019-06-07,100000.08509093305,100000.08509093305,0
2019-06-10,100000.08509093305,100000.08509093305,0
2019-06-11,100000.08509093305,100000.08509093305,0
2019-06-12,100000.08509093305,100000.08509093305,0
2019-06-13,100000.08509093305,100000.08509093305,0
2019-06-14,100000.08509093305,100000.08509093305,0
2019-06-17,100000.08509093305,100000.08509093305,0
2019-06-18,100000.08509093305,100000.08509093305,0
2019-06-19,100000.08509093305,100000.08509093305,0
2019-06-20,100000.08509093305,100000.08509093305,0
2019-06-21,100000.08509093305,100000.08509093305,0
2019-06-24,100000.08509093305,100000.08509093305,0
2019-06-25,100000.08509093305,100000.08509093305,0
2019-06-26,100000.08509093305,100000.08509093305,0
2019-06-27,100000.08509093305,100000.08509093305,0
2019-06-28,100000.08509093305,100000.08509093305,0
2019-07-01,100000.08509093305,100000.08509093305,0
2019-07-02,100000.08509093305,100000.08509093305,0
2019-07-03,100000.08509093305,100000.08509093305,0
2019-07-05,100000.08509093305,100000.08509093305,0
2019-07-08,100000.08509093305,100000.08509093305,0
2019-07-09,100000.08509093305,100000.08509093305,0
2019-07-10,100000.08509093305,100000.08509093305,0
2019-07-11,100000.08509093305,100000.08509093305,0
2019-07-12,100000.08509093305,100000.08509093305,0
2019-07-15,100000.08509093305,100000.08509093305,0
2019-07-16,100000.08509093305,100000.08509093305,0
2019-07-17,100000.08509093305,100000.08509093305,0
2019-07-18,100000.08509093305,100000.08509093305,0
2019-07-19,100000.08509093305,100000.08509093305,0
2019-07-22,100000.08509093305,100000.08509093305,0
2019-07-23,100000.08509093305,100000.08509093305,0
2019-07-24,100000.08509093305,100000.08509093305,0
2019-07-25,100000.08509093305,100000.08509093305,0
2019-07-26,100000.08509093305,100000.08509093305,0
2019-07-29,100000.08509093305,100000.08509093305,0
2019-07-30,100000.08509093305,100000.08509093305,0
2019-07-31,100000.08509093305,100000.08509093305,0
2019-08-01,100000.08509093305,100000.08509093305,0
2019-08-02,100000.08509093305,100000.08509093305,0
2019-08-05,100000.08509093305,100000.08509093305,0
2019-08-06,100000.08509093305,100000.08509093305,0
2019-08-07,100000.08509093305,100000.08509093305,0
2019-08-08,100000.08509093305,100000.08509093305,0
2019-08-09,100000.08509093305,100000.08509093305,0
2019-08-12,100000.08509093305,100000.08509093305,0
2019-08-13,100000.08509093305,100000.08509093305,0
2019-08-14,100000.08509093305,100000.08509093305,0
2019-08-15,100000.08509093305,100000.08509093305,0
2019-08-16,100000.08509093305,100000.08509093305,0
2019-08-19,100000.08509093305,100000.08509093305,0
2019-08-20,100000.08509093305,100000.08509093305,0
2019-08-21,100000.08509093305,100000.08509093305,0
2019-08-22,100000.08509093305,100000.08509093305,0
2019-08-23,100000.08509093305,100000.08509093305,0
2019-08-26,100000.08509093305,100000.08509093305,0
2019-08-27,100000.08509093305,100000.08509093305,0
2019-08-28,100000.08509093305,100000.08509093305,0
2019-08-29,100000.08509093305,100000.08509093305,0
2019-08-30,100000.08509093305,100000.08509093305,0
2019-09-03,100000.08509093305,100000.08509093305,0
2019-09-04,100000.08509093305,100000.08509093305,0
2019-09-05,100000.08509093305,100000.08509093305,0
2019-09-06,100000.08509093305,100000.08509093305,0
2019-09-09,100000.08509093305,100000.08509093305,0
2019-09-10,100000.08509093305,100000.08509093305,0
2019-09-11,100000.08509093305,100000.08509093305,0
2019-09-12,100000.08509093305,100000.08509093305,0
2019-09-13,100000.08509093305,100000.08509093305,0
2019-09-16,100000.08509093305,100000.08509093305,0
2019-09-17,100000.08509093305,100000.08509093305,0
2019-09-18,100000.08509093305,100000.08509093305,0
2019-09-19,100000.08509093305,100000.08509093305,0
2019-09-20,100000.08509093305,100000.08509093305,0
2019-09-23,100000.08509093305,100000.08509093305,0
2019-09-24,100000.08509093305,100000.08509093305,0
2019-09-25,100000.08509093305,100000.08509093305,0
2019-09-26,100000.08509093305,100000.08509093305,0
2019-09-27,100000.08509093305,100000.08509093305,0
2019-09-30,100000.08509093305,100000.08509093305,0
2019-10-01,100000.08509093305,100000.08509093305,0
2019-10-02,100000.08509093305,100000.08509093305,0
2019-10-03,100000.08509093305,100000.08509093305,0
2019-10-04,100000.08509093305,100000.08509093305,0
2019-10-07,100000.08509093305,100000.08509093305,0
2019-10-08,100000.08509093305,100000.08509093305,0
2019-10-09,100000.08509093305,100000.08509093305,0
2019-10-10,100000.08509093305,100000.08509093305,0
2019-10-11,100000.08509093305,100000.08509093305,0
2019-10-14,100000.08509093305,100000.08509093305,0
2019-10-15,100000.08509093305,100000.08509093305,0
2019-10-16,100000.08509093305,100000.08509093305,0
2019-10-17,100000.08509093305,100000.08509093305,0
2019-10-18,100000.08509093305,100000.08509093305,0
2019-10-21,100000.08509093305,100000.08509093305,0
2019-10-22,100000.08509093305,100000.08509093305,0
2019-10-23,100000.08509093305,100000.08509093305,0
2019-10-24,100000.08509093305,100000.08509093305,0
2019-10-25,100000.08509093305,100000.08509093305,0
2019-10-28,100000.08509093305,100000.08509093305,0
2019-10-29,100000.08509093305,100000.08509093305,0
2019-10-30,100000.08509093305,100000.08509093305,0
2019-10-31,100000.08509093305,100000.08509093305,0
2019-11-01,100000.08509093305,100000.08509093305,0
2019-11-04,100000.08509093305,100000.08509093305,0
2019-11-05,100000.08509093305,100000.08509093305,0
2019-11-06,100000.08509093305,100000.08509093305,0
2019-11-07,100000.08509093305,100000.08509093305,0
2019-11-08,100000.08509093305,100000.08509093305,0
2019-11-11,100000.08509093305,100000.08509093305,0
2019-11-12,100000.08509093305,100000.08509093305,0
2019-11-13,100000.08509093305,100000.08509093305,0
2019-11-14,100000.08509093305,100000.08509093305,0
2019-11-15,100000.08509093305,100000.08509093305,0
2019-11-18,100000.08509093305,100000.08509093305,0
2019-11-19,100000.08509093305,100000.08509093305,0
2019-11-20,100000.08509093305,100000.08509093305,0
2019-11-21,100000.08509093305,100000.08509093305,0
2019-11-22,100000.08509093305,100000.08509093305,0
2019-11-25,100000.08509093305,100000.08509093305,0
2019-11-26,100000.08509093305,100000.08509093305,0
2019-11-27,100000.08509093305,100000.08509093305,0
2019-11-29,100000.08509093305,100000.08509093305,0
2019-12-02,100000.08509093305,100000.08509093305,0
2019-12-03,100000.08509093305,100000.08509093305,0
2019-12-04,100000.08509093305,100000.08509093305,0
2019-12-05,100000.08509093305,100000.08509093305,0
2019-12-06,100000.08509093305,100000.08509093305,0
2019-12-09,100000.08509093305,100000.08509093305,0
2019-12-10,100000.08509093305,100000.08509093305,0
2019-12-11,100000.08509093305,100000.08509093305,0
2019-12-12,100000.08509093305,100000.08509093305,0
2019-12-13,100000.08509093305,100000.08509093305,0
2019-12-16,100000.08509093305,100000.08509093305,0
2019-12-17,100000.08509093305,100000.08509093305,0
2019-12-18,100000.08509093305,100000.08509093305,0
2019-12-19,100000.08509093305,100000.08509093305,0
2019-12-20,100000.08509093305,100000.08509093305,0
2019-12-23,100000.08509093305,100000.08509093305,0
2019-12-24,100000.08509093305,100000.08509093305,0
2019-12-26,100000.08509093305,100000.08509093305,0
2019-12-27,100000.08509093305,100000.08509093305,0
2019-12-30,100000.08509093305,100000.08509093305,0
2019-12-31,100000.08509093305,100000.08509093305,0
2020-01-02,100000.08509093305,100000.08509093305,0
2020-01-03,100000.08509093305,100000.08509093305,0
2020-01-06,100000.08509093305,100000.08509093305,0
2020-01-07,100000.08509093305,100000.08509093305,0
2020-01-08,100000.08509093305,100000.08509093305,0
2020-01-09,100000.08509093305,100000.08509093305,0
2020-01-10,100000.08509093305,100000.08509093305,0
2020-01-13,100000.08509093305,100000.08509093305,0
2020-01-14,100000.08509093305,100000.08509093305,0
2020-01-15,100000.08509093305,100000.08509093305,0
2020-01-16,100000.08509093305,100000.08509093305,0
2020-01-17,100000.08509093305,100000.08509093305,0
2020-01-21,100000.08509093305,100000.08509093305,0
2020-01-22,100000.08509093305,100000.08509093305,0
2020-01-23,100000.08509093305,100000.08509093305,0
2020-01-24,100000.08509093305,100000.08509093305,0
2020-01-27,100000.08509093305,100000.08509093305,0
2020-01-28,100000.08509093305,100000.08509093305,0
2020-01-29,100000.08509093305,100000.08509093305,0
2020-01-30,100000.08509093305,100000.08509093305,0
2020-01-31,100000.08509093305,100000.08509093305,0
2020-02-03,100000.08509093305,100000.08509093305,0
2020-02-04,100000.08509093305,100000.08509093305,0
2020-02-05,100000.08509093305,100000.08509093305,0
2020-02-06,100000.08509093305,100000.08509093305,0
2020-02-07,100000.08509093305,100000.08509093305,0
2020-02-10,100000.08509093305,100000.08509093305,0
2020-02-11,100000.08509093305,100000.08509093305,0
2020-02-12,100000.08509093305,100000.08509093305,0
2020-02-13,100000.08509093305,100000.08509093305,0
2020-02-14,100000.08509093305,100000.08509093305,0
2020-02-18,100000.08509093305,100000.08509093305,0
2020-02-19,100000.08509093305,100000.08509093305,0
2020-02-20,100000.08509093305,100000.08509093305,0
2020-02-21,100000.08509093305,100000.08509093305,0
2020-02-24,100000.08509093305,100000.08509093305,0
2020-02-25,100000.08509093305,100000.08509093305,0
2020-02-26,100000.08509093305,100000.08509093305,0
2020-02-27,100000.08509093305,100000.08509093305,0
2020-02-28,100000.08509093305,100000.08509093305,0
2020-03-02,100000.08509093305,100000.08509093305,0
2020-03-03,100000.08509093305,100000.08509093305,0
2020-03-04,100000.08509093305,100000.08509093305,0
2020-03-05,100000.08509093305,100000.08509093305,0
2020-03-06,100000.08509093305,100000.08509093305,0
2020-03-09,100000.08509093305,100000.08509093305,0
2020-03-10,100000.08509093305,100000.08509093305,0
2020-03-11,100000.08509093305,100000.08509093305,0
2020-03-12,100000.08509093305,100000.08509093305,0
2020-03-13,100000.08509093305,100000.08509093305,0
2020-03-16,100000.08509093305,100000.08509093305,0
2020-03-17,100000.08509093305,100000.08509093305,0
2020-03-18,100000.08509093305,100000.08509093305,0
2020-03-19,100000.08509093305,100000.08509093305,0
2020-03-20,100000.08509093305,100000.08509093305,0
2020-03-23,100000.08509093305,100000.08509093305,0
2020-03-24,100000.08509093305,100000.08509093305,0
2020-03-25,100000.08509093305,100000.08509093305,0
2020-03-26,100000.08509093305,100000.08509093305,0
2020-03-27,100000.08509093305,100000.08509093305,0
2020-03-30,100000.08509093305,100000.08509093305,0
2020-03-31,100000.08509093305,100000.08509093305,0
2020-04-01,100000.08509093305,100000.08509093305,0
2020-04-02,100000.08509093305,100000.08509093305,0
2020-04-03,100000.08509093305,100000.08509093305,0
2020-04-06,100000.08509093305,100000.08509093305,0
2020-04-07,100000.08509093305,100000.08509093305,0
2020-04-08,100000.08509093305,100000.08509093305,0
2020-04-09,100000.08509093305,100000.08509093305,0
2020-04-13,100000.08509093305,100000.08509093305,0
2020-04-14,100000.08509093305,100000.08509093305,0
2020-04-15,100000.08509093305,100000.08509093305,0
2020-04-16,100000.08509093305,100000.08509093305,0
2020-04-17,100000.08509093305,100000.08509093305,0
2020-04-20,100000.08509093305,100000.08509093305,0
2020-04-21,100000.08509093305,100000.08509093305,0
2020-04-22,100000.08509093305,100000.08509093305,0
2020-04-23,100000.08509093305,100000.08509093305,0
2020-04-24,100000.08509093305,100000.08509093305,0
2020-04-27,100000.08509093305,100000.08509093305,0
2020-04-28,100000.08509093305,100000.08509093305,0
2020-04-29,100000.08509093305,100000.08509093305,0
2020-04-30,100000.08509093305,100000.08509093305,0
2020-05-01,100000.08509093305,100000.08509093305,0
2020-05-04,100000.08509093305,100000.08509093305,0
2020-05-05,100000.08509093305,100000.08509093305,0
2020-05-06,100000.08509093305,100000.08509093305,0
2020-05-07,100000.08509093305,100000.08509093305,0
2020-05-08,100000.08509093305,100000.08509093305,0
2020-05-11,100000.08509093305,100000.08509093305,0
2020-05-12,100000.08509093305,100000.08509093305,0
2020-05-13,100000.08509093305,100000.08509093305,0
2020-05-14,100000.08509093305,100000.08509093305,0
2020-05-15,100000.08509093305,100000.08509093305,0
2020-05-18,100000.08509093305,100000.08509093305,0
2020-05-19,100000.08509093305,100000.08509093305,0
2020-05-20,100000.08509093305,100000.08509093305,0
2020-05-21,100000.08509093305,100000.08509093305,0
2020-05-22,100000.08509093305,100000.08509093305,0
2020-05-26,100000.08509093305,100000.08509093305,0
2020-05-27,100000.08509093305,100000.08509093305,0
2020-05-28,100000.08509093305,100000.08509093305,0
2020-05-29,100000.08509093305,100000.08509093305,0
2020-06-01,100000.08509093305,100000.08509093305,0
2020-06-02,100000.08509093305,100000.08509093305,0
2020-06-03,100000.08509093305,100000.08509093305,0
2020-06-04,100000.08509093305,100000.08509093305,0
2020-06-05,100000.08509093305,100000.08509093305,0
2020-06-08,100000.08509093305,100000.08509093305,0
2020-06-09,100000.08509093305,100000.08509093305,0
2020-06-10,100000.08509093305,100000.08509093305,0
2020-06-11,100000.08509093305,100000.08509093305,0
2020-06-12,100000.08509093305,100000.08509093305,0
2020-06-15,100000.08509093305,100000.08509093305,0
2020-06-16,100000.08509093305,100000.08509093305,0
2020-06-17,100000.08509093305,100000.08509093305,0
2020-06-18,100000.08509093305,100000.08509093305,0
2020-06-19,100000.08509093305,100000.08509093305,0
2020-06-22,100000.08509093305,100000.08509093305,0
2020-06-23,100000.08509093305,100000.08509093305,0
2020-06-24,100000.08509093305,100000.08509093305,0
2020-06-25,100000.08509093305,100000.08509093305,0
2020-06-26,100000.08509093305,100000.08509093305,0
2020-06-29,100000.08509093305,100000.08509093305,0
2020-06-30,100000.08509093305,100000.08509093305,0
2020-07-01,100000.08509093305,100000.08509093305,0
2020-07-02,100000.08509093305,100000.08509093305,0
2020-07-06,100000.08509093305,100000.08509093305,0
2020-07-07,100000.08509093305,100000.08509093305,0
2020-07-08,100000.08509093305,100000.08509093305,0
2020-07-09,100000.08509093305,100000.08509093305,0
2020-07-10,100000.08509093305,100000.08509093305,0
2020-07-13,100000.08509093305,100000.08509093305,0
2020-07-14,100000.08509093305,100000.08509093305,0
2020-07-15,100000.08509093305,100000.08509093305,0
2020-07-16,100000.08509093305,100000.08509093305,0
2020-07-17,100000.08509093305,100000.08509093305,0
2020-07-20,100000.08509093305,100000.08509093305,0
2020-07-21,100000.08509093305,100000.08509093305,0
2020-07-22,100000.08509093305,100000.08509093305,0
2020-07-23,100000.08509093305,100000.08509093305,0
2020-07-24,100000.08509093305,100000.08509093305,0
2020-07-27,100000.08509093305,100000.08509093305,0
2020-07-28,100000.08509093305,100000.08509093305,0
2020-07-29,100000.08509093305,100000.08509093305,0
2020-07-30,100000.08509093305,100000.08509093305,0
2020-07-31,100000.08509093305,100000.08509093305,0
2020-08-03,100000.08509093305,100000.08509093305,0
2020-08-04,100000.08509093305,100000.08509093305,0
2020-08-05,100000.08509093305,100000.08509093305,0
2020-08-06,100000.08509093305,100000.08509093305,0
2020-08-07,100000.08509093305,100000.08509093305,0
2020-08-10,100000.08509093305,100000.08509093305,0
2020-08-11,100000.08509093305,100000.08509093305,0
2020-08-12,100000.08509093305,100000.08509093305,0
2020-08-13,100000.08509093305,100000.08509093305,0
2020-08-14,100000.08509093305,100000.08509093305,0
2020-08-17,100000.08509093305,100000.08509093305,0
2020-08-18,100000.08509093305,100000.08509093305,0
2020-08-19,100000.08509093305,100000.08509093305,0
2020-08-20,100000.08509093305,100000.08509093305,0
2020-08-21,100000.08509093305,100000.08509093305,0
2020-08-24,100000.08509093305,100000.08509093305,0
2020-08-25,100000.08509093305,100000.08509093305,0
2020-08-26,100000.08509093305,100000.08509093305,0
2020-08-27,100000.08509093305,100000.08509093305,0
2020-08-28,100000.08509093305,100000.08509093305,0
2020-08-31,100000.08509093305,100000.08509093305,0
2020-09-01,100000.08509093305,100000.08509093305,0
2020-09-02,100000.08509093305,100000.08509093305,0
2020-09-03,100000.08509093305,100000.08509093305,0
2020-09-04,100000.08509093305,100000.08509093305,0
2020-09-08,100000.08509093305,100000.08509093305,0
2020-09-09,100000.08509093305,100000.08509093305,0
2020-09-10,100000.08509093305,100000.08509093305,0
2020-09-11,100000.08509093305,100000.08509093305,0
2020-09-14,100000.08509093305,100000.08509093305,0
2020-09-15,100000.08509093305,100000.08509093305,0
2020-09-16,100000.08509093305,100000.08509093305,0
2020-09-17,100000.08509093305,100000.08509093305,0
2020-09-18,100000.08509093305,100000.08509093305,0
2020-09-21,100000.08509093305,100000.08509093305,0
2020-09-22,100000.08509093305,100000.08509093305,0
2020-09-23,100000.08509093305,100000.08509093305,0
2020-09-24,100000.08509093305,100000.08509093305,0
2020-09-25,100000.08509093305,100000.08509093305,0
2020-09-28,100000.08509093305,100000.08509093305,0
2020-09-29,100000.08509093305,100000.08509093305,0
2020-09-30,100000.08509093305,100000.08509093305,0
2020-10-01,100000.08509093305,100000.08509093305,0
2020-10-02,100000.08509093305,100000.08509093305,0
2020-10-05,100000.08509093305,100000.08509093305,0
2020-10-06,100000.08509093305,100000.08509093305,0
2020-10-07,100000.08509093305,100000.08509093305,0
2020-10-08,100000.08509093305,100000.08509093305,0
2020-10-09,100000.08509093305,100000.08509093305,0
2020-10-12,100000.08509093305,100000.08509093305,0
2020-10-13,100000.08509093305,100000.08509093305,0
2020-10-14,100000.08509093305,100000.08509093305,0
2020-10-15,100000.08509093305,100000.08509093305,0
2020-10-16,100000.08509093305,100000.08509093305,0
2020-10-19,100000.08509093305,100000.08509093305,0
2020-10-20,100000.08509093305,100000.08509093305,0
2020-10-21,100000.08509093305,100000.08509093305,0
2020-10-22,100000.08509093305,100000.08509093305,0
2020-10-23,100000.08509093305,100000.08509093305,0
2020-10-26,100000.08509093305,100000.08509093305,0
2020-10-27,100000.08509093305,100000.08509093305,0
2020-10-28,100000.08509093305,100000.08509093305,0
2020-10-29,100000.08509093305,100000.08509093305,0
2020-10-30,100000.08509093305,100000.08509093305,0
2020-11-02,100000.08509093305,100000.08509093305,0
2020-11-03,100000.08509093305,100000.08509093305,0
2020-11-04,100000.08509093305,100000.08509093305,0
2020-11-05,100000.08509093305,100000.08509093305,0
2020-11-06,100000.08509093305,100000.08509093305,0
2020-11-09,100000.08509093305,100000.08509093305,0
2020-11-10,100000.08509093305,100000.08509093305,0
2020-11-11,100000.08509093305,100000.08509093305,0
2020-11-12,100000.08509093305,100000.08509093305,0
2020-11-13,100000.08509093305,100000.08509093305,0
2020-11-16,100000.08509093305,100000.08509093305,0
2020-11-17,100000.08509093305,100000.08509093305,0
2020-11-18,100000.08509093305,100000.08509093305,0
2020-11-19,100000.08509093305,100000.08509093305,0
2020-11-20,100000.08509093305,100000.08509093305,0
2020-11-23,100000.08509093305,100000.08509093305,0
2020-11-24,100000.08509093305,100000.08509093305,0
2020-11-25,100000.08509093305,100000.08509093305,0
2020-11-27,100000.08509093305,100000.08509093305,0
2020-11-30,100000.08509093305,100000.08509093305,0
2020-12-01,100000.08509093305,100000.08509093305,0
2020-12-02,100000.08509093305,100000.08509093305,0
2020-12-03,100000.08509093305,100000.08509093305,0
2020-12-04,100000.08509093305,100000.08509093305,0
2020-12-07,100000.08509093305,100000.08509093305,0
2020-12-08,100000.08509093305,100000.08509093305,0
2020-12-09,100000.08509093305,100000.08509093305,0
2020-12-10,100000.08509093305,100000.08509093305,0
2020-12-11,100000.08509093305,100000.08509093305,0
2020-12-14,100000.08509093305,100000.08509093305,0
2020-12-15,100000.08509093305,100000.08509093305,0
2020-12-16,100000.08509093305,100000.08509093305,0
2020-12-17,100000.08509093305,100000.08509093305,0
2020-12-18,100000.08509093305,100000.08509093305,0
2020-12-21,100000.08509093305,100000.08509093305,0
2020-12-22,100000.08509093305,100000.08509093305,0
2020-12-23,100000.08509093305,100000.08509093305,0
2020-12-24,100000.08509093305,100000.08509093305,0
2020-12-28,100000.08509093305,100000.08509093305,0
2020-12-29,100000.08509093305,100000.08509093305,0
2020-12-30,100000.08509093305,100000.08509093305,0
2020-12-31,100000.08509093305,100000.08509093305,0
2021-01-04,100000.08509093305,100000.08509093305,0
2021-01-05,100000.08509093305,100000.08509093305,0
2021-01-06,100000.08509093305,100000.08509093305,0
2021-01-07,100000.08509093305,100000.08509093305,0
2021-01-08,100000.08509093305,100000.08509093305,0
2021-01-11,100000.08509093305,100000.08509093305,0
2021-01-12,100000.08509093305,100000.08509093305,0
2021-01-13,100000.08509093305,100000.08509093305,0
2021-01-14,100000.08509093305,100000.08509093305,0
2021-01-15,100000.08509093305,100000.08509093305,0
2021-01-19,100000.08509093305,100000.08509093305,0
2021-01-20,100000.08509093305,100000.08509093305,0
2021-01-21,100000.08509093305,100000.08509093305,0
2021-01-22,100000.08509093305,100000.08509093305,0
2021-01-25,100000.08509093305,100000.08509093305,0
2021-01-26,100000.08509093305,100000.08509093305,0
2021-01-27,100000.08509093305,100000.08509093305,0
2021-01-28,100000.08509093305,100000.08509093305,0
2021-01-29,100000.08509093305,100000.08509093305,0
2021-02-01,100000.08509093305,100000.08509093305,0
2021-02-02,100000.08509093305,100000.08509093305,0
2021-02-03,100000.08509093305,100000.08509093305,0
2021-02-04,100000.08509093305,100000.08509093305,0
2021-02-05,100000.08509093305,100000.08509093305,0
2021-02-08,100000.08509093305,100000.08509093305,0
2021-02-09,100000.08509093305,100000.08509093305,0
2021-02-10,100000.08509093305,100000.08509093305,0
2021-02-11,100000.08509093305,100000.08509093305,0
2021-02-12,100000.08509093305,100000.08509093305,0
2021-02-16,100000.08509093305,100000.08509093305,0
2021-02-17,100000.08509093305,100000.08509093305,0
2021-02-18,100000.08509093305,100000.08509093305,0
2021-02-19,100000.08509093305,100000.08509093305,0
2021-02-22,100000.08509093305,100000.08509093305,0
2021-02-23,100000.08509093305,100000.08509093305,0
2021-02-24,100000.08509093305,100000.08509093305,0
2021-02-25,100000.08509093305,100000.08509093305,0
2021-02-26,100000.08509093305,100000.08509093305,0
2021-03-01,100000.08509093305,100000.08509093305,0
2021-03-02,100000.08509093305,100000.08509093305,0
2021-03-03,100000.08509093305,100000.08509093305,0
2021-03-04,100000.08509093305,100000.08509093305,0
2021-03-05,100000.08509093305,100000.08509093305,0
2021-03-08,100000.08509093305,100000.08509093305,0
2021-03-09,100000.08509093305,100000.08509093305,0
2021-03-10,100000.08509093305,100000.08509093305,0
2021-03-11,100000.08509093305,100000.08509093305,0
2021-03-12,100000.08509093305,100000.08509093305,0
2021-03-15,100000.08509093305,100000.08509093305,0
2021-03-16,100000.08509093305,100000.08509093305,0
2021-03-17,100000.08509093305,100000.08509093305,0
2021-03-18,100000.08509093305,100000.08509093305,0
2021-03-19,100000.08509093305,100000.08509093305,0
2021-03-22,100000.08509093305,100000.08509093305,0
2021-03-23,100000.08509093305,100000.08509093305,0
2021-03-24,100000.08509093305,100000.08509093305,0
2021-03-25,100000.08509093305,100000.08509093305,0
2021-03-26,100000.08509093305,100000.08509093305,0
2021-03-29,100000.08509093305,100000.08509093305,0
2021-03-30,100000.08509093305,100000.08509093305,0
2021-03-31,100000.08509093305,100000.08509093305,0
2021-04-01,100000.08509093305,100000.08509093305,0
2021-04-05,100000.08509093305,100000.08509093305,0
2021-04-06,100000.08509093305,100000.08509093305,0
2021-04-07,100000.08509093305,100000.08509093305,0
2021-04-08,100000.08509093305,100000.08509093305,0
2021-04-09,100000.08509093305,100000.08509093305,0
2021-04-12,100000.08509093305,100000.08509093305,0
2021-04-13,100000.08509093305,100000.08509093305,0
2021-04-14,100000.08509093305,100000.08509093305,0
2021-04-15,100000.08509093305,100000.08509093305,0
2021-04-16,100000.08509093305,100000.08509093305,0
2021-04-19,100000.08509093305,100000.08509093305,0
2021-04-20,100000.08509093305,100000.08509093305,0
2021-04-21,100000.08509093305,100000.08509093305,0
2021-04-22,100000.08509093305,100000.08509093305,0
2021-04-23,100000.08509093305,100000.08509093305,0
2021-04-26,100000.08509093305,100000.08509093305,0
2021-04-27,100000.08509093305,100000.08509093305,0
2021-04-28,100000.08509093305,100000.08509093305,0
2021-04-29,100000.08509093305,100000.08509093305,0
2021-04-30,100000.08509093305,100000.08509093305,0
2021-05-03,100000.08509093305,100000.08509093305,0
2021-05-04,100000.08509093305,100000.08509093305,0
2021-05-05,100000.08509093305,100000.08509093305,0
2021-05-06,100000.08509093305,100000.08509093305,0
2021-05-07,100000.08509093305,100000.08509093305,0
2021-05-10,100000.08509093305,100000.08509093305,0
2021-05-11,100000.08509093305,100000.08509093305,0
2021-05-12,100000.08509093305,100000.08509093305,0
2021-05-13,100000.08509093305,100000.08509093305,0
2021-05-14,100000.08509093305,100000.08509093305,0
2021-05-17,100000.08509093305,100000.08509093305,0
2021-05-18,100000.08509093305,100000.08509093305,0
2021-05-19,100000.08509093305,100000.08509093305,0
2021-05-20,100000.08509093305,100000.08509093305,0
2021-05-21,100000.08509093305,100000.08509093305,0
2021-05-24,100000.08509093305,100000.08509093305,0
2021-05-25,100000.08509093305,100000.08509093305,0
2021-05-26,100000.08509093305,100000.08509093305,0
2021-05-27,100000.08509093305,100000.08509093305,0
2021-05-28,100000.08509093305,100000.08509093305,0
2021-06-01,100000.08509093305,100000.08509093305,0
2021-06-02,100000.08509093305,100000.08509093305,0
2021-06-03,100000.08509093305,100000.08509093305,0
2021-06-04,100000.08509093305,100000.08509093305,0
2021-06-07,100000.08509093305,100000.08509093305,0
2021-06-08,100000.08509093305,100000.08509093305,0
2021-06-09,100000.08509093305,100000.08509093305,0
2021-06-10,100000.08509093305,100000.08509093305,0
2021-06-11,100000.08509093305,100000.08509093305,0
2021-06-14,100000.08509093305,100000.08509093305,0
2021-06-15,100000.08509093305,100000.08509093305,0
2021-06-16,100000.08509093305,100000.08509093305,0
2021-06-17,100000.08509093305,100000.08509093305,0
2021-06-18,100000.08509093305,100000.08509093305,0
2021-06-21,100000.08509093305,100000.08509093305,0
2021-06-22,100000.08509093305,100000.08509093305,0
2021-06-23,100000.08509093305,100000.08509093305,0
2021-06-24,100000.08509093305,100000.08509093305,0
2021-06-25,100000.08509093305,100000.08509093305,0
2021-06-28,100000.08509093305,100000.08509093305,0
2021-06-29,100000.08509093305,100000.08509093305,0
2021-06-30,100000.08509093305,100000.08509093305,0
2021-07-01,100000.08509093305,100000.08509093305,0
2021-07-02,100000.08509093305,100000.08509093305,0
2021-07-06,100000.08509093305,100000.08509093305,0
2021-07-07,100000.08509093305,100000.08509093305,0
2021-07-08,100000.08509093305,100000.08509093305,0
2021-07-09,100000.08509093305,100000.08509093305,0
2021-07-12,100000.08509093305,100000.08509093305,0
2021-07-13,100000.08509093305,100000.08509093305,0
2021-07-14,100000.08509093305,100000.08509093305,0
2021-07-15,100000.08509093305,100000.08509093305,0
2021-07-16,100000.08509093305,100000.08509093305,0
2021-07-19,100000.08509093305,100000.08509093305,0
2021-07-20,100000.08509093305,100000.08509093305,0
2021-07-21,100000.08509093305,100000.08509093305,0
2021-07-22,100000.08509093305,100000.08509093305,0
2021-07-23,100000.08509093305,100000.08509093305,0
2021-07-26,100000.08509093305,100000.08509093305,0
2021-07-27,100000.08509093305,100000.08509093305,0
2021-07-28,100000.08509093305,100000.08509093305,0
2021-07-29,100000.08509093305,100000.08509093305,0
2021-07-30,100000.08509093305,100000.08509093305,0
2021-08-02,100000.08509093305,100000.08509093305,0
2021-08-03,100000.08509093305,100000.08509093305,0
2021-08-04,100000.08509093305,100000.08509093305,0
2021-08-05,100000.08509093305,100000.08509093305,0
2021-08-06,100000.08509093305,100000.08509093305,0
2021-08-09,100000.08509093305,100000.08509093305,0
2021-08-10,100000.08509093305,100000.08509093305,0
2021-08-11,100000.08509093305,100000.08509093305,0
2021-08-12,100000.08509093305,100000.08509093305,0
2021-08-13,100000.08509093305,100000.08509093305,0
2021-08-16,100000.08509093305,100000.08509093305,0
2021-08-17,100000.08509093305,100000.08509093305,0
2021-08-18,100000.08509093305,100000.08509093305,0
2021-08-19,100000.08509093305,100000.08509093305,0
2021-08-20,100000.08509093305,100000.08509093305,0
2021-08-23,100000.08509093305,100000.08509093305,0
2021-08-24,100000.08509093305,100000.08509093305,0
2021-08-25,100000.08509093305,100000.08509093305,0
2021-08-26,100000.08509093305,100000.08509093305,0
2021-08-27,100000.08509093305,100000.08509093305,0
2021-08-30,100000.08509093305,100000.08509093305,0
2021-08-31,100000.08509093305,100000.08509093305,0
2021-09-01,100000.08509093305,100000.08509093305,0
2021-09-02,100000.08509093305,100000.08509093305,0
2021-09-03,100000.08509093305,100000.08509093305,0
2021-09-07,100000.08509093305,100000.08509093305,0
2021-09-08,100000.08509093305,100000.08509093305,0
2021-09-09,100000.08509093305,100000.08509093305,0
2021-09-10,100000.08509093305,100000.08509093305,0
2021-09-13,100000.08509093305,100000.08509093305,0
2021-09-14,100000.08509093305,100000.08509093305,0
2021-09-15,100000.08509093305,100000.08509093305,0
2021-09-16,100000.08509093305,100000.08509093305,0
2021-09-17,100000.08509093305,100000.08509093305,0
2021-09-20,100000.08509093305,100000.08509093305,0
2021-09-21,100000.08509093305,100000.08509093305,0
2021-09-22,100000.08509093305,100000.08509093305,0
2021-09-23,100000.08509093305,100000.08509093305,0
2021-09-24,100000.08509093305,100000.08509093305,0
2021-09-27,100000.08509093305,100000.08509093305,0
2021-09-28,100000.08509093305,100000.08509093305,0
2021-09-29,100000.08509093305,100000.08509093305,0
2021-09-30,100000.08509093305,100000.08509093305,0
2021-10-01,100000.08509093305,100000.08509093305,0
2021-10-04,100000.08509093305,100000.08509093305,0
2021-10-05,100000.08509093305,100000.08509093305,0
2021-10-06,100000.08509093305,100000.08509093305,0
2021-10-07,100000.08509093305,100000.08509093305,0
2021-10-08,100000.08509093305,100000.08509093305,0
2021-10-11,100000.08509093305,100000.08509093305,0
2021-10-12,100000.08509093305,100000.08509093305,0
2021-10-13,100000.08509093305,100000.08509093305,0
2021-10-14,100000.08509093305,100000.08509093305,0
2021-10-15,100000.08509093305,100000.08509093305,0
2021-10-18,100000.08509093305,100000.08509093305,0
2021-10-19,100000.08509093305,100000.08509093305,0
2021-10-20,100000.08509093305,100000.08509093305,0
2021-10-21,100000.08509093305,100000.08509093305,0
2021-10-22,100000.08509093305,100000.08509093305,0
2021-10-25,100000.08509093305,100000.08509093305,0
2021-10-26,100000.08509093305,100000.08509093305,0
2021-10-27,100000.08509093305,100000.08509093305,0
2021-10-28,100000.08509093305,100000.08509093305,0
2021-10-29,100000.08509093305,100000.08509093305,0
2021-11-01,100000.08509093305,100000.08509093305,0
2021-11-02,100000.08509093305,100000.08509093305,0
2021-11-03,100000.08509093305,100000.08509093305,0
2021-11-04,100000.08509093305,100000.08509093305,0
2021-11-05,100000.08509093305,100000.08509093305,0
2021-11-08,100000.08509093305,100000.08509093305,0
2021-11-09,100000.08509093305,100000.08509093305,0
2021-11-10,100000.08509093305,100000.08509093305,0
2021-11-11,100000.08509093305,100000.08509093305,0
2021-11-12,100000.08509093305,100000.08509093305,0
2021-11-15,100000.08509093305,100000.08509093305,0
2021-11-16,100000.08509093305,100000.08509093305,0
2021-11-17,100000.08509093305,100000.08509093305,0
2021-11-18,100000.08509093305,100000.08509093305,0
2021-11-19,100000.08509093305,100000.08509093305,0
2021-11-22,100000.08509093305,100000.08509093305,0
2021-11-23,100000.08509093305,100000.08509093305,0
2021-11-24,100000.08509093305,100000.08509093305,0
2021-11-26,100000.08509093305,100000.08509093305,0
2021-11-29,100000.08509093305,100000.08509093305,0
2021-11-30,100000.08509093305,100000.08509093305,0
2021-12-01,100000.08509093305,100000.08509093305,0
2021-12-02,100000.08509093305,100000.08509093305,0
2021-12-03,100000.08509093305,100000.08509093305,0
2021-12-06,100000.08509093305,100000.08509093305,0
2021-12-07,100000.08509093305,100000.08509093305,0
2021-12-08,100000.08509093305,100000.08509093305,0
2021-12-09,100000.08509093305,100000.08509093305,0
2021-12-10,100000.08509093305,100000.08509093305,0
2021-12-13,100000.08509093305,100000.08509093305,0
2021-12-14,100000.08509093305,100000.08509093305,0
2021-12-15,100000.08509093305,100000.08509093305,0
2021-12-16,100000.08509093305,100000.08509093305,0
2021-12-17,100000.08509093305,100000.08509093305,0
2021-12-20,100000.08509093305,100000.08509093305,0
2021-12-21,100000.08509093305,100000.08509093305,0
2021-12-22,100000.08509093305,100000.08509093305,0
2021-12-23,100000.08509093305,100000.08509093305,0
2021-12-27,100000.08509093305,100000.08509093305,0
2021-12-28,100000.08509093305,100000.08509093305,0
2021-12-29,100000.08509093305,100000.08509093305,0
2021-12-30,100000.08509093305,100000.08509093305,0
2021-12-31,100000.08509093305,100000.08509093305,0
2022-01-03,100000.08509093305,100000.08509093305,0
2022-01-04,100000.08509093305,100000.08509093305,0
2022-01-05,100000.08509093305,100000.08509093305,0
2022-01-06,100000.08509093305,100000.08509093305,0
2022-01-07,100000.08509093305,100000.08509093305,0
2022-01-10,100000.08509093305,100000.08509093305,0
2022-01-11,100000.08509093305,100000.08509093305,0
2022-01-12,100000.08509093305,100000.08509093305,0
2022-01-13,100000.08509093305,100000.08509093305,0
2022-01-14,100000.08509093305,100000.08509093305,0
2022-01-18,100000.08509093305,100000.08509093305,0
2022-01-19,100000.08509093305,100000.08509093305,0
2022-01-20,100000.08509093305,100000.08509093305,0
2022-01-21,100000.08509093305,100000.08509093305,0
2022-01-24,100000.08509093305,100000.08509093305,0
2022-01-25,100000.08509093305,100000.08509093305,0
2022-01-26,100000.08509093305,100000.08509093305,0
2022-01-27,100000.08509093305,100000.08509093305,0
2022-01-28,100000.08509093305,100000.08509093305,0
2022-01-31,100000.08509093305,100000.08509093305,0
2022-02-01,100000.08509093305,100000.08509093305,0
2022-02-02,100000.08509093305,100000.08509093305,0
2022-02-03,100000.08509093305,100000.08509093305,0
2022-02-04,100000.08509093305,100000.08509093305,0
2022-02-07,100000.08509093305,100000.08509093305,0
2022-02-08,100000.08509093305,100000.08509093305,0
2022-02-09,100000.08509093305,100000.08509093305,0
2022-02-10,100000.08509093305,100000.08509093305,0
2022-02-11,100000.08509093305,100000.08509093305,0
2022-02-14,100000.08509093305,100000.08509093305,0
2022-02-15,100000.08509093305,100000.08509093305,0
2022-02-16,100000.08509093305,100000.08509093305,0
2022-02-17,100000.08509093305,100000.08509093305,0
2022-02-18,100000.08509093305,100000.08509093305,0
2022-02-22,100000.08509093305,100000.08509093305,0
2022-02-23,100000.08509093305,100000.08509093305,0
2022-02-24,100000.08509093305,100000.08509093305,0
2022-02-25,100000.08509093305,100000.08509093305,0
2022-02-28,100000.08509093305,100000.08509093305,0
2022-03-01,100000.08509093305,100000.08509093305,0
2022-03-02,100000.08509093305,100000.08509093305,0
2022-03-03,100000.08509093305,100000.08509093305,0
2022-03-04,100000.08509093305,100000.08509093305,0
2022-03-07,100000.08509093305,100000.08509093305,0
2022-03-08,100000.08509093305,100000.08509093305,0
2022-03-09,100000.08509093305,100000.08509093305,0
2022-03-10,100000.08509093305,100000.08509093305,0
2022-03-11,100000.08509093305,100000.08509093305,0
2022-03-14,100000.08509093305,100000.08509093305,0
2022-03-15,100000.08509093305,100000.08509093305,0
2022-03-16,100000.08509093305,100000.08509093305,0
2022-03-17,100000.08509093305,100000.08509093305,0
2022-03-18,100000.08509093305,100000.08509093305,0
2022-03-21,100000.08509093305,100000.08509093305,0
2022-03-22,100000.08509093305,100000.08509093305,0
2022-03-23,100000.08509093305,100000.08509093305,0
2022-03-24,100000.08509093305,100000.08509093305,0
2022-03-25,100000.08509093305,100000.08509093305,0
2022-03-28,100000.08509093305,100000.08509093305,0
2022-03-29,100000.08509093305,100000.08509093305,0
2022-03-30,100000.08509093305,100000.08509093305,0
2022-03-31,100000.08509093305,100000.08509093305,0
2022-04-01,100000.08509093305,100000.08509093305,0
2022-04-04,100000.08509093305,100000.08509093305,0
2022-04-05,100000.08509093305,100000.08509093305,0
2022-04-06,100000.08509093305,100000.08509093305,0
2022-04-07,100000.08509093305,100000.08509093305,0
2022-04-08,100000.08509093305,100000.08509093305,0
2022-04-11,100000.08509093305,100000.08509093305,0
2022-04-12,100000.08509093305,100000.08509093305,0
2022-04-13,100000.08509093305,100000.08509093305,0
2022-04-14,100000.08509093305,100000.08509093305,0
2022-04-18,100000.08509093305,100000.08509093305,0
2022-04-19,100000.08509093305,100000.08509093305,0
2022-04-20,100000.08509093305,100000.08509093305,0
2022-04-21,100000.08509093305,100000.08509093305,0
2022-04-22,100000.08509093305,100000.08509093305,0
2022-04-25,100000.08509093305,100000.08509093305,0
2022-04-26,100000.08509093305,100000.08509093305,0
2022-04-27,100000.08509093305,100000.08509093305,0
2022-04-28,100000.08509093305,100000.08509093305,0
2022-04-29,100000.08509093305,100000.08509093305,0
2022-05-02,100000.08509093305,100000.08509093305,0
2022-05-03,100000.08509093305,100000.08509093305,0
2022-05-04,100000.08509093305,100000.08509093305,0
2022-05-05,100000.08509093305,100000.08509093305,0
2022-05-06,100000.08509093305,100000.08509093305,0
2022-05-09,100000.08509093305,100000.08509093305,0
2022-05-10,100000.08509093305,100000.08509093305,0
2022-05-11,100000.08509093305,100000.08509093305,0
2022-05-12,100000.08509093305,100000.08509093305,0
2022-05-13,100000.08509093305,100000.08509093305,0
2022-05-16,100000.08509093305,100000.08509093305,0
2022-05-17,100000.08509093305,100000.08509093305,0
2022-05-18,100000.08509093305,100000.08509093305,0
2022-05-19,100000.08509093305,100000.08509093305,0
2022-05-20,100000.08509093305,100000.08509093305,0
2022-05-23,100000.08509093305,100000.08509093305,0
2022-05-24,100000.08509093305,100000.08509093305,0
2022-05-25,100000.08509093305,100000.08509093305,0
2022-05-26,100000.08509093305,100000.08509093305,0
2022-05-27,100000.08509093305,100000.08509093305,0
2022-05-31,100000.08509093305,100000.08509093305,0
2022-06-01,100000.08509093305,100000.08509093305,0
2022-06-02,100000.08509093305,100000.08509093305,0
2022-06-03,100000.08509093305,100000.08509093305,0
2022-06-06,100000.08509093305,100000.08509093305,0
2022-06-07,100000.08509093305,100000.08509093305,0
2022-06-08,100000.08509093305,100000.08509093305,0
2022-06-09,100000.08509093305,100000.08509093305,0
2022-06-10,100000.08509093305,100000.08509093305,0
2022-06-13,100000.08509093305,100000.08509093305,0
2022-06-14,100000.08509093305,100000.08509093305,0
2022-06-15,100000.08509093305,100000.08509093305,0
2022-06-16,100000.08509093305,100000.08509093305,0
2022-06-17,100000.08509093305,100000.08509093305,0
2022-06-21,100000.08509093305,100000.08509093305,0
2022-06-22,100000.08509093305,100000.08509093305,0
2022-06-23,100000.08509093305,100000.08509093305,0
2022-06-24,100000.08509093305,100000.08509093305,0
2022-06-27,100000.08509093305,100000.08509093305,0
2022-06-28,100000.08509093305,100000.08509093305,0
2022-06-29,100000.08509093305,100000.08509093305,0
2022-06-30,100000.08509093305,100000.08509093305,0
2022-07-01,100000.08509093305,100000.08509093305,0
2022-07-05,100000.08509093305,100000.08509093305,0
2022-07-06,100000.08509093305,100000.08509093305,0
2022-07-07,100000.08509093305,100000.08509093305,0
2022-07-08,100000.08509093305,100000.08509093305,0
2022-07-11,100000.08509093305,100000.08509093305,0
2022-07-12,100000.08509093305,100000.08509093305,0
2022-07-13,100000.08509093305,100000.08509093305,0
2022-07-14,100000.08509093305,100000.08509093305,0
2022-07-15,100000.08509093305,100000.08509093305,0
2022-07-18,100000.08509093305,100000.08509093305,0
2022-07-19,100000.08509093305,100000.08509093305,0
2022-07-20,100000.08509093305,100000.08509093305,0
2022-07-21,100000.08509093305,100000.08509093305,0
2022-07-22,100000.08509093305,100000.08509093305,0
2022-07-25,100000.08509093305,100000.08509093305,0
2022-07-26,100000.08509093305,100000.08509093305,0
2022-07-27,100000.08509093305,100000.08509093305,0
2022-07-28,100000.08509093305,100000.08509093305,0
2022-07-29,100000.08509093305,100000.08509093305,0
2022-08-01,100000.08509093305,100000.08509093305,0
2022-08-02,100000.08509093305,100000.08509093305,0
2022-08-03,100000.08509093305,100000.08509093305,0
2022-08-04,100000.08509093305,100000.08509093305,0
2022-08-05,100000.08509093305,100000.08509093305,0
2022-08-08,100000.08509093305,100000.08509093305,0
2022-08-09,100000.08509093305,100000.08509093305,0
2022-08-10,100000.08509093305,100000.08509093305,0
2022-08-11,100000.08509093305,100000.08509093305,0
2022-08-12,100000.08509093305,100000.08509093305,0
2022-08-15,100000.08509093305,100000.08509093305,0
2022-08-16,100000.08509093305,100000.08509093305,0
2022-08-17,100000.08509093305,100000.08509093305,0
2022-08-18,100000.08509093305,100000.08509093305,0
2022-08-19,100000.08509093305,100000.08509093305,0
2022-08-22,100000.08509093305,100000.08509093305,0
2022-08-23,100000.08509093305,100000.08509093305,0
2022-08-24,100000.08509093305,100000.08509093305,0
2022-08-25,100000.08509093305,100000.08509093305,0
2022-08-26,100000.08509093305,100000.08509093305,0
2022-08-29,100000.08509093305,100000.08509093305,0
2022-08-30,100000.08509093305,100000.08509093305,0
2022-08-31,100000.08509093305,100000.08509093305,0
2022-09-01,100000.08509093305,100000.08509093305,0
2022-09-02,100000.08509093305,100000.08509093305,0
2022-09-06,100000.08509093305,100000.08509093305,0
2022-09-07,100000.08509093305,100000.08509093305,0
2022-09-08,100000.08509093305,100000.08509093305,0
2022-09-09,100000.08509093305,100000.08509093305,0
2022-09-12,100000.08509093305,100000.08509093305,0
2022-09-13,100000.08509093305,100000.08509093305,0
2022-09-14,100000.08509093305,100000.08509093305,0
2022-09-15,100000.08509093305,100000.08509093305,0
2022-09-16,100000.08509093305,100000.08509093305,0
2022-09-19,100000.08509093305,100000.08509093305,0
2022-09-20,100000.08509093305,100000.08509093305,0
2022-09-21,100000.08509093305,100000.08509093305,0
2022-09-22,100000.08509093305,100000.08509093305,0
2022-09-23,100000.08509093305,100000.08509093305,0
2022-09-26,100000.08509093305,100000.08509093305,0
2022-09-27,100000.08509093305,100000.08509093305,0
2022-09-28,100000.08509093305,100000.08509093305,0
2022-09-29,100000.08509093305,100000.08509093305,0
2022-09-30,100000.08509093305,100000.08509093305,0
2022-10-03,100000.08509093305,100000.08509093305,0
2022-10-04,100000.08509093305,100000.08509093305,0
2022-10-05,100000.08509093305,100000.08509093305,0
2022-10-06,100000.08509093305,100000.08509093305,0
2022-10-07,100000.08509093305,100000.08509093305,0
2022-10-10,100000.08509093305,100000.08509093305,0
2022-10-11,100000.08509093305,100000.08509093305,0
2022-10-12,100000.08509093305,100000.08509093305,0
2022-10-13,100000.08509093305,100000.08509093305,0
2022-10-14,100000.08509093305,100000.08509093305,0
2022-10-17,100000.08509093305,100000.08509093305,0
2022-10-18,100000.08509093305,100000.08509093305,0
2022-10-19,100000.08509093305,100000.08509093305,0
2022-10-20,100000.08509093305,100000.08509093305,0
2022-10-21,100000.08509093305,100000.08509093305,0
2022-10-24,100000.08509093305,100000.08509093305,0
2022-10-25,100000.08509093305,100000.08509093305,0
2022-10-26,100000.08509093305,100000.08509093305,0
2022-10-27,100000.08509093305,100000.08509093305,0
2022-10-28,100000.08509093305,100000.08509093305,0
2022-10-31,100000.08509093305,100000.08509093305,0
2022-11-01,100000.08509093305,100000.08509093305,0
2022-11-02,100000.08509093305,100000.08509093305,0
2022-11-03,100000.08509093305,100000.08509093305,0
2022-11-04,100000.08509093305,100000.08509093305,0
2022-11-07,100000.08509093305,100000.08509093305,0
2022-11-08,100000.08509093305,100000.08509093305,0
2022-11-09,100000.08509093305,100000.08509093305,0
2022-11-10,100000.08509093305,100000.08509093305,0
2022-11-11,100000.08509093305,100000.08509093305,0
2022-11-14,100000.08509093305,100000.08509093305,0
2022-11-15,100000.08509093305,100000.08509093305,0
2022-11-16,100000.08509093305,100000.08509093305,0
2022-11-17,100000.08509093305,100000.08509093305,0
2022-11-18,100000.08509093305,100000.08509093305,0
2022-11-21,100000.08509093305,100000.08509093305,0
2022-11-22,100000.08509093305,100000.08509093305,0
2022-11-23,100000.08509093305,100000.08509093305,0
2022-11-25,100000.08509093305,100000.08509093305,0
2022-11-28,100000.08509093305,100000.08509093305,0
2022-11-29,100000.08509093305,100000.08509093305,0
2022-11-30,100000.08509093305,100000.08509093305,0
2022-12-01,100000.08509093305,100000.08509093305,0
2022-12-02,100000.08509093305,100000.08509093305,0
2022-12-05,100000.08509093305,100000.08509093305,0
2022-12-06,100000.08509093305,100000.08509093305,0
2022-12-07,100000.08509093305,100000.08509093305,0
2022-12-08,100000.08509093305,100000.08509093305,0
2022-12-09,100000.08509093305,100000.08509093305,0
2022-12-12,100000.08509093305,100000.08509093305,0
2022-12-13,100000.08509093305,100000.08509093305,0
2022-12-14,100000.08509093305,100000.08509093305,0
2022-12-15,100000.08509093305,100000.08509093305,0
2022-12-16,100000.08509093305,100000.08509093305,0
2022-12-19,100000.08509093305,100000.08509093305,0
2022-12-20,100000.08509093305,100000.08509093305,0
2022-12-21,100000.08509093305,100000.08509093305,0
2022-12-22,100000.08509093305,100000.08509093305,0
2022-12-23,100000.08509093305,100000.08509093305,0
2022-12-27,100000.08509093305,100000.08509093305,0
2022-12-28,100000.08509093305,100000.08509093305,0
2022-12-29,100000.08509093305,100000.08509093305,0
2022-12-30,100000.08509093305,100000.08509093305,0
2023-01-03,100000.08509093305,100000.08509093305,0
2023-01-04,100000.08509093305,100000.08509093305,0
2023-01-05,100000.08509093305,100000.08509093305,0
2023-01-06,100000.08509093305,100000.08509093305,0
2023-01-09,100000.08509093305,100000.08509093305,0
2023-01-10,100000.08509093305,100000.08509093305,0
2023-01-11,100000.08509093305,100000.08509093305,0
2023-01-12,100000.08509093305,100000.08509093305,0
2023-01-13,100000.08509093305,100000.08509093305,0
2023-01-17,100000.08509093305,100000.08509093305,0
2023-01-18,100000.08509093305,100000.08509093305,0
2023-01-19,100000.08509093305,100000.08509093305,0
2023-01-20,100000.08509093305,100000.08509093305,0
2023-01-23,100000.08509093305,100000.08509093305,0
2023-01-24,100000.08509093305,100000.08509093305,0
2023-01-25,100000.08509093305,100000.08509093305,0
2023-01-26,100000.08509093305,100000.08509093305,0
2023-01-27,100000.08509093305,100000.08509093305,0
2023-01-30,100000.08509093305,100000.08509093305,0
2023-01-31,100000.08509093305,100000.08509093305,0
2023-02-01,100000.08509093305,100000.08509093305,0
2023-02-02,100000.08509093305,100000.08509093305,0
2023-02-03,100000.08509093305,100000.08509093305,0
2023-02-06,100000.08509093305,100000.08509093305,0
2023-02-07,100000.08509093305,100000.08509093305,0
2023-02-08,100000.08509093305,100000.08509093305,0
2023-02-09,100000.08509093305,100000.08509093305,0
2023-02-10,100000.08509093305,100000.08509093305,0
2023-02-13,100000.08509093305,100000.08509093305,0
2023-02-14,100000.08509093305,100000.08509093305,0
2023-02-15,100000.08509093305,100000.08509093305,0
2023-02-16,100000.08509093305,100000.08509093305,0
2023-02-17,100000.08509093305,100000.08509093305,0
2023-02-21,100000.08509093305,100000.08509093305,0
2023-02-22,100000.08509093305,100000.08509093305,0
2023-02-23,100000.08509093305,100000.08509093305,0
2023-02-24,100000.08509093305,100000.08509093305,0
2023-02-27,100000.08509093305,100000.08509093305,0
2023-02-28,100000.08509093305,100000.08509093305,0
2023-03-01,100000.08509093305,100000.08509093305,0
2023-03-02,100000.08509093305,100000.08509093305,0
2023-03-03,100000.08509093305,100000.08509093305,0
2023-03-06,100000.08509093305,100000.08509093305,0
2023-03-07,100000.08509093305,100000.08509093305,0
2023-03-08,100000.08509093305,100000.08509093305,0
2023-03-09,100000.08509093305,100000.08509093305,0
2023-03-10,100000.08509093305,100000.08509093305,0
2023-03-13,100000.08509093305,100000.08509093305,0
2023-03-14,100000.08509093305,100000.08509093305,0
2023-03-15,100000.08509093305,100000.08509093305,0
2023-03-16,100000.08509093305,100000.08509093305,0
2023-03-17,100000.08509093305,100000.08509093305,0
2023-03-20,100000.08509093305,100000.08509093305,0
2023-03-21,100000.08509093305,100000.08509093305,0
2023-03-22,100000.08509093305,100000.08509093305,0
2023-03-23,100000.08509093305,100000.08509093305,0
2023-03-24,100000.08509093305,100000.08509093305,0
2023-03-27,100000.08509093305,100000.08509093305,0
2023-03-28,100000.08509093305,100000.08509093305,0
2023-03-29,100000.08509093305,100000.08509093305,0
2023-03-30,100000.08509093305,100000.08509093305,0
2023-03-31,100000.08509093305,100000.08509093305,0
2023-04-03,100000.08509093305,100000.08509093305,0
2023-04-04,100000.08509093305,100000.08509093305,0
2023-04-05,100000.08509093305,100000.08509093305,0
2023-04-06,100000.08509093305,100000.08509093305,0
2023-04-10,100000.08509093305,100000.08509093305,0
2023-04-11,100000.08509093305,100000.08509093305,0
2023-04-12,100000.08509093305,100000.08509093305,0
2023-04-13,100000.08509093305,100000.08509093305,0
2023-04-14,100000.08509093305,100000.08509093305,0
2023-04-17,100000.08509093305,100000.08509093305,0
2023-04-18,100000.08509093305,100000.08509093305,0
2023-04-19,100000.08509093305,100000.08509093305,0
2023-04-20,100000.08509093305,100000.08509093305,0
2023-04-21,100000.08509093305,100000.08509093305,0
2023-04-24,100000.08509093305,100000.08509093305,0
2023-04-25,100000.08509093305,100000.08509093305,0
2023-04-26,100000.08509093305,100000.08509093305,0
2023-04-27,100000.08509093305,100000.08509093305,0
2023-04-28,100000.08509093305,100000.08509093305,0
2023-05-01,100000.08509093305,100000.08509093305,0
2023-05-02,100000.08509093305,100000.08509093305,0
2023-05-03,100000.08509093305,100000.08509093305,0
2023-05-04,100000.08509093305,100000.08509093305,0
2023-05-05,100000.08509093305,100000.08509093305,0
2023-05-08,100000.08509093305,100000.08509093305,0
2023-05-09,100000.08509093305,100000.08509093305,0
2023-05-10,100000.08509093305,100000.08509093305,0
2023-05-11,100000.08509093305,100000.08509093305,0
2023-05-12,100000.08509093305,100000.08509093305,0
2023-05-15,100000.08509093305,100000.08509093305,0
2023-05-16,100000.08509093305,100000.08509093305,0
2023-05-17,100000.08509093305,100000.08509093305,0
2023-05-18,100000.08509093305,100000.08509093305,0
2023-05-19,100000.08509093305,100000.08509093305,0
2023-05-22,100000.08509093305,100000.08509093305,0
2023-05-23,100000.08509093305,100000.08509093305,0
2023-05-24,100000.08509093305,100000.08509093305,0
2023-05-25,100000.08509093305,100000.08509093305,0
2023-05-26,100000.08509093305,100000.08509093305,0
2023-05-30,100000.08509093305,100000.08509093305,0
2023-05-31,100000.08509093305,100000.08509093305,0
2023-06-01,100000.08509093305,100000.08509093305,0
2023-06-02,100000.08509093305,100000.08509093305,0
2023-06-05,100000.08509093305,100000.08509093305,0
2023-06-06,100000.08509093305,100000.08509093305,0
2023-06-07,100000.08509093305,100000.08509093305,0
2023-06-08,100000.08509093305,100000.08509093305,0
2023-06-09,100000.08509093305,100000.08509093305,0
2023-06-12,100000.08509093305,100000.08509093305,0
2023-06-13,100000.08509093305,100000.08509093305,0
2023-06-14,100000.08509093305,100000.08509093305,0
2023-06-15,100000.08509093305,100000.08509093305,0
2023-06-16,100000.08509093305,100000.08509093305,0
2023-06-20,100000.08509093305,100000.08509093305,0
2023-06-21,100000.08509093305,100000.08509093305,0
2023-06-22,100000.08509093305,100000.08509093305,0
2023-06-23,100000.08509093305,100000.08509093305,0
2023-06-26,100000.08509093305,100000.08509093305,0
2023-06-27,100000.08509093305,100000.08509093305,0
2023-06-28,100000.08509093305,100000.08509093305,0
2023-06-29,100000.08509093305,100000.08509093305,0
2023-06-30,100000.08509093305,100000.08509093305,0
2023-07-03,100000.08509093305,100000.08509093305,0
2023-07-05,100000.08509093305,100000.08509093305,0
2023-07-06,100000.08509093305,100000.08509093305,0
2023-07-07,100000.08509093305,100000.08509093305,0
2023-07-10,100000.08509093305,100000.08509093305,0
2023-07-11,100000.08509093305,100000.08509093305,0
2023-07-12,100000.08509093305,100000.08509093305,0
2023-07-13,100000.08509093305,100000.08509093305,0
2023-07-14,100000.08509093305,100000.08509093305,0
2023-07-17,100000.08509093305,100000.08509093305,0
2023-07-18,100000.08509093305,100000.08509093305,0
2023-07-19,100000.08509093305,100000.08509093305,0
2023-07-20,100000.08509093305,100000.08509093305,0
2023-07-21,100000.08509093305,100000.08509093305,0
2023-07-24,100000.08509093305,100000.08509093305,0
2023-07-25,100000.08509093305,100000.08509093305,0
2023-07-26,100000.08509093305,100000.08509093305,0
2023-07-27,100000.08509093305,100000.08509093305,0
2023-07-28,100000.08509093305,100000.08509093305,0
2023-07-31,100000.08509093305,100000.08509093305,0
2023-08-01,100000.08509093305,100000.08509093305,0
2023-08-02,100000.08509093305,100000.08509093305,0
2023-08-03,100000.08509093305,100000.08509093305,0
2023-08-04,100000.08509093305,100000.08509093305,0
2023-08-07,100000.08509093305,100000.08509093305,0
2023-08-08,100000.08509093305,100000.08509093305,0
2023-08-09,100000.08509093305,100000.08509093305,0
2023-08-10,100000.08509093305,100000.08509093305,0
2023-08-11,100000.08509093305,100000.08509093305,0
2023-08-14,100000.08509093305,100000.08509093305,0
2023-08-15,100000.08509093305,100000.08509093305,0
2023-08-16,100000.08509093305,100000.08509093305,0
2023-08-17,100000.08509093305,100000.08509093305,0
2023-08-18,100000.08509093305,100000.08509093305,0
2023-08-21,100000.08509093305,100000.08509093305,0
2023-08-22,100000.08509093305,100000.08509093305,0
2023-08-23,100000.08509093305,100000.08509093305,0
2023-08-24,100000.08509093305,100000.08509093305,0
2023-08-25,100000.08509093305,100000.08509093305,0
2023-08-28,100000.08509093305,100000.08509093305,0
2023-08-29,100000.08509093305,100000.08509093305,0
2023-08-30,100000.08509093305,100000.08509093305,0
2023-08-31,100000.08509093305,100000.08509093305,0
2023-09-01,100000.08509093305,100000.08509093305,0
2023-09-05,100000.08509093305,100000.08509093305,0
2023-09-06,100000.08509093305,100000.08509093305,0
2023-09-07,100000.08509093305,100000.08509093305,0
2023-09-08,100000.08509093305,100000.08509093305,0
2023-09-11,100000.08509093305,100000.08509093305,0
2023-09-12,100000.08509093305,100000.08509093305,0
2023-09-13,100000.08509093305,100000.08509093305,0
2023-09-14,100000.08509093305,100000.08509093305,0
2023-09-15,100000.08509093305,100000.08509093305,0
2023-09-18,100000.08509093305,100000.08509093305,0
2023-09-19,100000.08509093305,100000.08509093305,0
2023-09-20,100000.08509093305,100000.08509093305,0
2023-09-21,99999.90622265651,99910.51677910912,89.38944354739102
2023-09-22,99999.79840462291,99910.51677910912,89.28162551379332
2023-09-25,100000.10941818137,99910.51677910912,89.59263907224825
2023-09-26,99998.95866801508,99910.51677910912,88.44188890596503
2023-09-27,99998.98147567605,99910.51677910912,88.46469656691839
2023-09-28,99999.39823384437,99910.51677910912,88.88145473524798
2023-09-29,99999.14112930272,99910.51677910912,88.62435019359191
2023-10-02,99999.13490903155,99910.51677910912,88.61812992242281
2023-10-03,99997.92610300102,99910.51677910912,87.40932389189467
2023-10-04,99998.46934001645,99910.51677910912,87.95256090732927
2023-10-05,99998.42165127082,99910.51677910912,87.90487216169952
2023-10-06,99999.70510055538,99910.51677910912,89.18832144625684
2023-10-09,100000.14259296094,99910.51677910912,89.62581385181676
2023-10-10,100000.63814123074,99910.51677910912,90.1213621216216
2023-10-11,100001.19796563596,99910.51677910912,90.68118652684048
2023-10-12,100000.49714841758,99910.51677910912,89.98036930845538
2023-10-13,99999.76730326707,99910.51677910912,89.25052415794782
2023-10-16,100000.92427370453,99910.51677910912,90.40749459540014
2023-10-17,100000.7231516034,99910.51677910912,90.20637249426595
2023-10-18,99999.75693614845,99910.51677910912,89.24015703933266
2023-10-19,99998.79279411724,99910.51677910912,88.2760150081224
2023-10-20,99997.72498089989,99910.51677910912,87.2082017907605
2023-10-23,99997.97586517037,99910.51677910912,87.45908606124746
2023-10-24,99998.27236476276,99910.51677910912,87.75558565364116
2023-10-25,99996.71315012305,99910.51677910912,86.19637101392048
2023-10-26,99996.52861541169,99910.51677910912,86.01183630257056
2023-10-27,99995.59972158377,99910.51677910912,85.08294247465186
2023-10-30,99996.601185242,99910.51677910912,86.08440613287671
2023-10-31,99997.03660422383,99910.51677910912,86.5198251147136
2023-11-01,99998.35322828796,99910.51677910912,87.83644917883944
2023-11-02,99999.65533838603,99910.51677910912,89.13855927690406
2023-11-03,100000.77084034903,99910.51677910912,90.25406123989572
2023-11-06,100000.65887546797,99910.51677910912,90.14209635885194
2023-11-07,100001.06526651769,99910.51677910912,90.54848740856636
2023-11-08,100001.04867912791,99910.51677910912,90.53190001878211
2023-11-09,100000.42872543471,99910.51677910912,89.9119463255953
2023-11-10,100001.78889139702,99910.51677910912,91.27211228790482
2023-11-13,100001.82828644777,99910.51677910912,91.31150733864244
2023-11-14,100003.6674132901,99910.51677910912,93.15063418097256
2023-11-15,100003.72754257807,99910.51677910912,93.21076346894051
2023-11-16,100003.93281152664,99910.51677910912,93.41603241752077
2023-11-17,100003.89548989963,99910.51677910912,93.37871079050618
2023-11-20,100004.7393733549,99910.51677910912,94.22259424578053
2023-11-21,100004.43872691506,99910.51677910912,93.92194780594077
2023-11-22,100004.82645715127,99910.51677910912,94.30967804214791
2023-11-24,100004.94049545603,99910.51677910912,94.42371634691472
2023-11-27,100004.79535579543,99910.51677910912,94.27857668630242
2023-11-28,100004.91768779508,99910.51677910912,94.40090868596135
2023-11-29,100004.84304454105,99910.51677910912,94.32626543193217
2023-11-30,100005.10222250644,99910.51677910912,94.58544339731128
2023-12-01,100005.85694874162,99910.51677910912,95.34016963249522
2023-12-04,100005.0275792524,99910.51677910912,94.5108001432821
2023-12-05,100005.3696941667,99910.51677910912,94.85291505758252
2023-12-06,100004.75596074469,99910.51677910912,94.23918163556479
2023-12-07,100005.48995274265,99910.51677910912,94.97317363351841
2023-12-08,100006.0166023683,99910.51677910912,95.49982325916875
2023-12-11,100006.37115782493,99910.51677910912,95.85437871580737
2023-12-12,100006.8729263659,99910.51677910912,96.35614725678131
2023-12-13,100008.38859910743,99910.51677910912,97.87181999831829
2023-12-14,100008.31395585342,99910.51677910912,97.79717674428912
2023-12-15,100007.9884283289,99910.51677910912,97.47164921977297
2023-12-18,100008.33883693808,99910.51677910912,97.82205782896551
2023-12-19,100008.93598297032,99910.51677910912,98.41920386119897
2023-12-20,100007.70436927884,99910.51677910912,97.18759016971747
2023-12-21,100008.46116893775,99910.51677910912,97.94438982862445
2023-12-22,100008.6270428356,99910.51677910912,98.11026372646707
2023-12-26,100009.12673795284,99910.51677910912,98.60995884371798
2023-12-27,100009.39835646056,99910.51677910912,98.88157735143528
2023-12-28,100009.4294578164,99910.51677910912,98.91267870728078
2023-12-29,100009.01891991924,99910.51677910912,98.50214081012028
2024-01-02,100008.48605002242,99910.51677910912,97.96927091330085
2024-01-03,100007.83292154966,99910.51677910912,97.3161424405455
2024-01-04,100007.5115408726,99910.51677910912,96.99476176347541
2024-01-05,100007.64631341459,99910.51677910912,97.12953430547255
2024-01-08,100008.84060547907,99910.51677910912,98.32382636993945
2024-01-09,100008.7535216827,99910.51677910912,98.23674257357207
2024-01-10,100009.43567808757,99910.51677910912,98.91889897844987
2024-01-11,100009.09978344444,99910.51677910912,98.58300433531855
2024-01-12,100009.13917849518,99910.51677910912,98.62239938605617
2024-01-16,100008.95257036011,99910.51677910912,98.43579125098323
2024-01-17,100008.44872839541,99910.51677910912,97.93194928628625
2024-01-18,100009.36518168099,99910.51677910912,98.84840257186676
2024-01-19,100010.58850167757,99910.51677910912,100.07172256845612
2024-01-22,100010.77510981265,99910.51677910912,100.25833070352908
2024-01-23,100011.27895177735,99910.51677910912,100.76217266822606
2024-01-24,100011.1752805912,99910.51677910912,100.65850148207441
2024-01-25,100011.48007387848,99910.51677910912,100.96329476936023
2024-01-26,100011.44067882774,99910.51677910912,100.92389971862261
2024-01-29,100012.382013198,99910.51677910912,101.86523408887952
2024-01-30,100011.95074106361,99910.51677910912,101.43396195448868
2024-01-31,100010.87463415136,99910.51677910912,100.35785504223465
2024-02-01,100012.47531726553,99910.51677910912,101.958538156416
2024-02-02,100012.86304750174,99910.51677910912,102.34626839262313
2024-02-05,100012.64741143455,99910.51677910912,102.13063232542771
2024-02-06,100012.90658939994,99910.51677910912,102.38981029080682
2024-02-07,100013.7235183468,99910.51677910912,103.20673923768175
2024-02-08,100013.78572105849,99910.51677910912,103.26894194937273
2024-02-09,100014.39530763307,99910.51677910912,103.87852852394438
2024-02-12,100014.22943373522,99910.51677910912,103.71265462610175
2024-02-13,100012.99989346747,99910.51677910912,102.48311435834329
2024-02-14,100013.90805305816,99910.51677910912,103.39127394903167
2024-02-15,100014.52178648017,99910.51677910912,104.00500737104939
2024-02-16,100013.84585034646,99910.51677910912,103.32907123734068
2024-02-20,100013.37103631388,99910.51677910912,102.85425720476617
2024-02-21,100014.37457339583,99910.51677910912,103.85779428671405
2024-02-22,100015.70985827348,99910.51677910912,105.19307916434718
2024-02-23,100015.6497289855,99910.51677910912,105.13294987637924
2024-02-26,100015.37811047779,99910.51677910912,104.86133136866194
2024-02-27,100015.57715915519,99910.51677910912,105.06038004607309
2024-02-28,100015.38433074896,99910.51677910912,104.86755163983104
2024-02-29,100015.96696281513,99910.51677910912,105.45018370600326
2024-03-01,100016.67814715212,99910.51677910912,106.16136804300352
2024-03-04,100016.59106335577,99910.51677910912,106.07428424663614
2024-03-05,100015.63314159572,99910.51677910912,105.11636248659498
2024-03-06,100016.03953264543,99910.51677910912,105.52275353630941
2024-03-07,100017.27944003181,99910.51677910912,106.76266092268303
2024-03-08,100016.60143047437,99910.51677910912,106.0846513652513
2024-03-11,100016.81913996529,99910.51677910912,106.30236085616977
2024-03-12,100017.71485901365,99910.51677910912,107.19807990451993
2024-03-13,100017.61948152239,99910.51677910912,107.10270241326042
2024-03-14,100017.14259406608,99910.51677910912,106.62581495696287
2024-03-15,100016.21784708562,99910.51677910912,105.70106797649024
2024-03-18,100016.77352464339,99910.51677910912,106.25674553426303
2024-03-19,100017.39140491285,99910.51677910912,106.87462580372681
2024-03-20,100018.72461636676,99910.51677910912,108.20783725763691
2024-03-21,100018.9257384679,99910.51677910912,108.4089593587711
2024-03-22,100018.49031948605,99910.51677910912,107.97354037693421
2024-03-25,100018.43226362181,99910.51677910912,107.91548451268929
2024-03-26,100018.27468341886,99910.51677910912,107.7579043097388
2024-03-27,100018.83865467152,99910.51677910912,108.3218755624037
2024-03-28,100018.94647270512,99910.51677910912,108.42969359600144
2024-04-01,100018.68107446858,99910.51677910912,108.16429535945322
2024-04-02,100018.06941447029,99910.51677910912,107.55263536115855
2024-04-03,100018.47995236744,99910.51677910912,107.96317325831905
2024-04-04,100016.96220620218,99910.51677910912,106.44542709305901
2024-04-05,100018.02587257209,99910.51677910912,107.50909346297485
2024-04-08,100018.08807528378,99910.51677910912,107.57129617466583
2024-04-09,100018.24150863929,99910.51677910912,107.72472953017026
2024-04-10,100016.92695799889,99910.51677910912,106.41017888976747
2024-04-11,100017.9719635553,99910.51677910912,107.455184446176
2024-04-12,100016.25724213634,99910.51677910912,105.74046302722786
2024-04-15,100015.1189325124,99910.51677910912,104.60215340328284
2024-04-16,100015.20601630877,99910.51677910912,104.68923719965022
2024-04-17,100014.4077481754,99910.51677910912,103.89096906628258
2024-04-18,100013.91427332933,99910.51677910912,103.39749422020077
2024-04-19,100013.09112411128,99910.51677910912,102.57434500215673
2024-04-22,100014.05319271877,99910.51677910912,103.53641360964397
2024-04-23,100015.52117671467,99910.51677910912,105.0043976055512
2024-04-24,100014.6959540729,99910.51677910912,104.17917496378413
2024-04-25,100015.65802268039,99910.51677910912,105.14124357127136
2024-04-26,100015.98977047608,99910.51677910912,105.47299136695662
2024-04-29,100016.2261407805,99910.51677910912,105.70936167138237
2024-04-30,100014.45751034476,99910.51677910912,103.94073123563537
2024-05-01,100014.66277929334,99910.51677910912,104.14600018421562
2024-05-02,100015.53361725701,99910.51677910912,105.0168381478894
2024-05-03,100016.74242328753,99910.51677910912,106.22564417841755
2024-05-06,100017.59874728516,99910.51677910912,107.0819681760301
2024-05-07,100017.77913514906,99910.51677910912,107.26235603993396
2024-05-08,100017.7107121662,99910.51677910912,107.19393305707386
2024-05-09,100018.45092443532,99910.51677910912,107.93414532619657
2024-05-10,100018.31822531704,99910.51677910912,107.80144620792247
2024-05-13,100018.49861318094,99910.51677910912,107.98183407182633
2024-05-14,100018.86422487932,100018.86422487932,0
2024-05-15,100018.86422487932,100018.86422487932,0
2024-05-16,100018.86422487932,100018.86422487932,0
2024-05-17,100018.86422487932,100018.86422487932,0
2024-05-20,100018.86422487932,100018.86422487932,0
2024-05-21,100018.86422487932,100018.86422487932,0
2024-05-22,100018.86422487932,100018.86422487932,0
2024-05-23,100018.86422487932,100018.86422487932,0
2024-05-24,100018.86422487932,100018.86422487932,0
2024-05-28,100018.86422487932,100018.86422487932,0
2024-05-29,100018.86422487932,100018.86422487932,0
2024-05-30,100018.86422487932,100018.86422487932,0
2024-05-31,100018.86422487932,100018.86422487932,0
2024-06-03,100018.86422487932,100018.86422487932,0
2024-06-04,100018.86422487932,100018.86422487932,0
2024-06-05,100018.86422487932,100018.86422487932,0
2024-06-06,100018.86422487932,100018.86422487932,0
2024-06-07,100018.86422487932,100018.86422487932,0
2024-06-10,100018.86422487932,100018.86422487932,0
2024-06-11,100018.86422487932,100018.86422487932,0
2024-06-12,100018.86422487932,100018.86422487932,0
2024-06-13,100018.86422487932,100018.86422487932,0
2024-06-14,100018.86422487932,100018.86422487932,0
2024-06-17,100018.86422487932,100018.86422487932,0
2024-06-18,100018.86422487932,100018.86422487932,0
2024-06-20,100018.86422487932,100018.86422487932,0
2024-06-21,100018.86422487932,100018.86422487932,0
2024-06-24,100018.86422487932,100018.86422487932,0
2024-06-25,100018.86422487932,100018.86422487932,0
2024-06-26,100018.86422487932,100018.86422487932,0
2024-06-27,100018.86422487932,100018.86422487932,0
2024-06-28,100018.86422487932,100018.86422487932,0
2024-07-01,100018.86422487932,100018.86422487932,0
2024-07-02,100018.86422487932,100018.86422487932,0
2024-07-03,100018.86422487932,100018.86422487932,0
2024-07-05,100018.86422487932,100018.86422487932,0
2024-07-08,100018.86422487932,100018.86422487932,0
2024-07-09,100018.86422487932,100018.86422487932,0
2024-07-10,100018.86422487932,100018.86422487932,0
2024-07-11,100018.86422487932,100018.86422487932,0
2024-07-12,100018.86422487932,100018.86422487932,0
2024-07-15,100018.86422487932,100018.86422487932,0
2024-07-16,100018.86422487932,100018.86422487932,0
2024-07-17,100018.86422487932,100018.86422487932,0
2024-07-18,100018.86422487932,100018.86422487932,0
2024-07-19,100018.86422487932,100018.86422487932,0
2024-07-22,100018.86422487932,100018.86422487932,0
2024-07-23,100018.86422487932,100018.86422487932,0
2024-07-24,100018.86422487932,100018.86422487932,0
2024-07-25,100018.86422487932,100018.86422487932,0
2024-07-26,100018.86422487932,100018.86422487932,0
2024-07-29,100018.86422487932,100018.86422487932,0
2024-07-30,100018.86422487932,100018.86422487932,0
2024-07-31,100018.86422487932,100018.86422487932,0
2024-08-01,100018.86422487932,100018.86422487932,0
2024-08-02,100018.86422487932,100018.86422487932,0
2024-08-05,100018.86422487932,100018.86422487932,0
2024-08-06,100018.86422487932,100018.86422487932,0
2024-08-07,100018.86422487932,100018.86422487932,0
2024-08-08,100018.86422487932,100018.86422487932,0
2024-08-09,100018.86422487932,100018.86422487932,0
2024-08-12,100018.86422487932,100018.86422487932,0
2024-08-13,100018.86422487932,100018.86422487932,0
2024-08-14,100018.86422487932,100018.86422487932,0
2024-08-15,100018.86422487932,100018.86422487932,0
2024-08-16,100018.86422487932,100018.86422487932,0
2024-08-19,100018.86422487932,100018.86422487932,0
2024-08-20,100018.86422487932,100018.86422487932,0
2024-08-21,100018.86422487932,100018.86422487932,0
2024-08-22,100018.86422487932,100018.86422487932,0
2024-08-23,100018.86422487932,100018.86422487932,0
2024-08-26,100018.86422487932,100018.86422487932,0
2024-08-27,100018.86422487932,100018.86422487932,0
2024-08-28,100018.86422487932,100018.86422487932,0
2024-08-29,100018.86422487932,100018.86422487932,0
2024-08-30,100018.86422487932,100018.86422487932,0
2024-09-03,100018.86422487932,100018.86422487932,0
2024-09-04,100018.86422487932,100018.86422487932,0
2024-09-05,100018.86422487932,100018.86422487932,0
2024-09-06,100018.86422487932,100018.86422487932,0
2024-09-09,100018.86422487932,100018.86422487932,0
2024-09-10,100018.86422487932,100018.86422487932,0
2024-09-11,100018.86422487932,100018.86422487932,0
2024-09-12,100018.86422487932,100018.86422487932,0
2024-09-13,100018.86422487932,100018.86422487932,0
2024-09-16,100018.86422487932,100018.86422487932,0
2024-09-17,100018.86422487932,100018.86422487932,0
2024-09-18,100018.86422487932,100018.86422487932,0
2024-09-19,100018.86422487932,100018.86422487932,0
2024-09-20,100018.86422487932,100018.86422487932,0
2024-09-23,100018.86422487932,100018.86422487932,0
2024-09-24,100018.86422487932,100018.86422487932,0
2024-09-25,100018.86422487932,100018.86422487932,0
2024-09-26,100018.86422487932,100018.86422487932,0
2024-09-27,100018.86422487932,100018.86422487932,0
2024-09-30,100018.86422487932,100018.86422487932,0
2024-10-01,100018.86422487932,100018.86422487932,0
2024-10-02,100018.86422487932,100018.86422487932,0
2024-10-03,100018.86422487932,100018.86422487932,0
2024-10-04,100018.86422487932,100018.86422487932,0
2024-10-07,100018.86422487932,100018.86422487932,0
2024-10-08,100018.86422487932,100018.86422487932,0
2024-10-09,100018.86422487932,100018.86422487932,0
2024-10-10,100018.86422487932,100018.86422487932,0
2024-10-11,100018.86422487932,100018.86422487932,0
2024-10-14,100018.86422487932,100018.86422487932,0
2024-10-15,100018.86422487932,100018.86422487932,0
2024-10-16,100018.86422487932,100018.86422487932,0
2024-10-17,100018.86422487932,100018.86422487932,0
2024-10-18,100018.86422487932,100018.86422487932,0
2024-10-21,100018.86422487932,100018.86422487932,0
2024-10-22,100018.86422487932,100018.86422487932,0
2024-10-23,100018.86422487932,100018.86422487932,0
2024-10-24,100018.86422487932,100018.86422487932,0
2024-10-25,100018.86422487932,100018.86422487932,0
2024-10-28,100018.86422487932,100018.86422487932,0
2024-10-29,100018.86422487932,100018.86422487932,0
2024-10-30,100018.86422487932,100018.86422487932,0
2024-10-31,100018.86422487932,100018.86422487932,0
2024-11-01,100018.86422487932,100018.86422487932,0
2024-11-04,100018.86422487932,100018.86422487932,0
2024-11-05,100018.86422487932,100018.86422487932,0
2024-11-06,100018.86422487932,100018.86422487932,0
2024-11-07,100018.86422487932,100018.86422487932,0
2024-11-08,100018.86422487932,100018.86422487932,0
2024-11-11,100018.86422487932,100018.86422487932,0
2024-11-12,100018.86422487932,100018.86422487932,0
2024-11-13,100018.86422487932,100018.86422487932,0
2024-11-14,100018.86422487932,100018.86422487932,0
2024-11-15,100018.86422487932,100018.86422487932,0
2024-11-18,100018.86422487932,100018.86422487932,0
2024-11-19,100018.86422487932,100018.86422487932,0
2024-11-20,100018.86422487932,100018.86422487932,0
2024-11-21,100018.86422487932,100018.86422487932,0
2024-11-22,100018.86422487932,100018.86422487932,0
2024-11-25,100018.86422487932,100018.86422487932,0
2024-11-26,100018.86422487932,100018.86422487932,0
2024-11-27,100018.86422487932,100018.86422487932,0
2024-11-29,100018.86422487932,100018.86422487932,0
2024-12-02,100018.86422487932,100018.86422487932,0
2024-12-03,100018.86422487932,100018.86422487932,0
2024-12-04,100018.86422487932,100018.86422487932,0
2024-12-05,100018.86422487932,100018.86422487932,0
2024-12-06,100018.86422487932,100018.86422487932,0
2024-12-09,100018.86422487932,100018.86422487932,0
2024-12-10,100018.86422487932,100018.86422487932,0
2024-12-11,100018.86422487932,100018.86422487932,0
2024-12-12,100018.86422487932,100018.86422487932,0
2024-12-13,100018.86422487932,100018.86422487932,0
2024-12-16,100018.86422487932,100018.86422487932,0
2024-12-17,100018.86422487932,100018.86422487932,0
2024-12-18,100018.86422487932,100018.86422487932,0
2024-12-19,100018.86422487932,100018.86422487932,0
2024-12-20,100018.86422487932,100018.86422487932,0
2024-12-23,100018.86422487932,100018.86422487932,0
2024-12-24,100018.86422487932,100018.86422487932,0
2024-12-26,100018.86422487932,100018.86422487932,0
2024-12-27,100018.86422487932,100018.86422487932,0
2024-12-30,100018.86422487932,100018.86422487932,0
2024-12-31,100018.86422487932,100018.86422487932,0
2025-01-02,100018.86422487932,100018.86422487932,0
2025-01-03,100018.86422487932,100018.86422487932,0
2025-01-06,100018.86422487932,100018.86422487932,0
2025-01-07,100018.86422487932,100018.86422487932,0
2025-01-08,100018.86422487932,100018.86422487932,0
2025-01-10,100018.86422487932,100018.86422487932,0
2025-01-13,100018.86422487932,100018.86422487932,0
2025-01-14,100018.86422487932,100018.86422487932,0
2025-01-15,100018.86422487932,100018.86422487932,0
2025-01-16,100018.86422487932,100018.86422487932,0
2025-01-17,100018.86422487932,100018.86422487932,0
2025-01-21,100018.86422487932,100018.86422487932,0
2025-01-22,100018.86422487932,100018.86422487932,0
2025-01-23,100018.86422487932,100018.86422487932,0
2025-01-24,100018.86422487932,100018.86422487932,0
2025-01-27,100018.86422487932,100018.86422487932,0
2025-01-28,100018.86422487932,100018.86422487932,0
2025-01-29,100018.86422487932,100018.86422487932,0
2025-01-30,100018.86422487932,100018.86422487932,0
2025-01-31,100018.86422487932,100018.86422487932,0
2025-02-03,100018.86422487932,100018.86422487932,0
2025-02-04,100018.86422487932,100018.86422487932,0
2025-02-05,100018.86422487932,100018.86422487932,0
2025-02-06,100018.86422487932,100018.86422487932,0
2025-02-07,100018.86422487932,100018.86422487932,0
2025-02-10,100018.86422487932,100018.86422487932,0
2025-02-11,100018.86422487932,100018.86422487932,0
2025-02-12,100018.86422487932,100018.86422487932,0
2025-02-13,100018.86422487932,100018.86422487932,0
2025-02-14,100018.86422487932,100018.86422487932,0
2025-02-18,100018.86422487932,100018.86422487932,0
2025-02-19,100018.86422487932,100018.86422487932,0
2025-02-20,100018.86422487932,100018.86422487932,0
2025-02-21,100018.86422487932,100018.86422487932,0
2025-02-24,100018.86422487932,100018.86422487932,0
2025-02-25,100018.86422487932,100018.86422487932,0
2025-02-26,100018.86422487932,100018.86422487932,0
2025-02-27,100018.68532301289,99929.27909291645,89.40623009644479
2025-02-28,100020.12373472314,99929.27909291645,90.8446418066938
2025-03-03,100018.76328156466,99929.27909291645,89.48418864822237
2025-03-04,100018.0035678346,99929.27909291645,88.7244749181546
2025-03-05,100018.22827189561,99929.27909291645,88.94917897916056
2025-03-06,100017.0772368076,99929.27909291645,87.79814389115046
2025-03-07,100017.12920917544,99929.27909291645,87.85011625900219
2025-03-10,100014.6635789006,99929.27909291645,85.38448598415452
2025-03-11,100014.54434817436,99929.27909291645,85.26525525790645
2025-03-12,100014.98305610298,99929.27909291645,85.70396318653712
2025-03-13,100013.94666594407,99929.27909291645,84.6675730276117
2025-03-14,100015.19858856966,99929.27909291645,85.91949565321632
2025-03-17,100015.94760210635,99929.27909291645,86.66850918990284
2025-03-18,100015.06407185287,99929.27909291645,85.78497893642364
2025-03-19,100016.21052114372,99929.27909291645,86.93142822727036
2025-03-20,100015.74888422927,99929.27909291645,86.46979131282272
2025-03-21,100015.64493949356,99929.27909291645,86.3658465771193
2025-03-24,100016.99469245865,99929.27909291645,87.7155995422095
2025-03-25,100017.32639845347,99929.27909291645,88.04730553702782
2025-03-26,100016.04543244584,99929.27909291645,86.76633952938842
2025-03-27,100015.88492954512,99929.27909291645,86.60583662866989
2025-03-28,100013.98640951948,99929.27909291645,84.70731660302772
2025-03-31,100014.42206025,99929.27909291645,85.14296733354946
2025-04-01,100015.15273059803,99929.27909291645,85.87363768158244
2025-04-02,100012.56175520072,99929.27909291645,83.28266228426887
2025-04-03,100011.27008899969,99929.27909291645,81.99099608324823
2025-04-04,100006.54977511952,99929.27909291645,77.27068220306869
2025-04-07,100007.16580053847,99929.27909291645,77.88670762201698
2025-04-08,100004.2675767312,99929.27909291645,74.98848381475649
2025-04-09,100012.72531529954,99929.27909291645,83.44622238309633
2025-04-10,100009.08724954992,99929.27909291645,79.80815663347609
2025-04-11,100010.9506117973,99929.27909291645,81.6715188808656
2025-04-14,100011.34957615053,99929.27909291645,82.07048323408027
2025-04-15,100010.84208126445,99929.27909291645,81.5629883479988
2025-04-16,100009.67576018588,99929.27909291645,80.39666726944407
2025-04-17,100009.85154907715,99929.27909291645,80.57245616070723
2025-04-21,100008.16244712197,99929.27909291645,78.88335420552639
2025-04-22,100011.31136117417,99929.27909291645,82.03226825771871
2025-04-23,100011.31900416943,99929.27909291645,82.03991125299103
2025-04-24,100013.10287926599,99929.27909291645,83.82378634954851
2025-04-25,100013.54005859558,99929.27909291645,84.26096567912474
2025-04-28,100013.52018680786,99929.27909291645,84.24109389141672
2025-04-29,100013.80909202916,99929.27909291645,84.52999911271009
2025-04-30,100014.77058083442,99929.27909291645,85.49148791796686
2025-05-01,100014.44957503298,99929.27909291645,85.17048211652978
2025-05-02,100015.92467312053,99929.27909291645,86.6455802040859
2025-05-05,100015.31017630064,99929.27909291645,86.03108338419204
2025-05-06,100015.40036364485,99929.27909291645,86.12127072840534
2025-05-07,100015.03502847084,99929.27909291645,85.75593555438884
2025-05-08,100015.36855721608,100015.36855721608,0
