date,date,symbol,signal,signal_type,stop_loss,take_profit,position_size
2018-02-26,2018-02-26,SPY,1,exit,,,0.1
2018-02-27,2018-02-27,SPY,1,exit,,,0.1
2018-03-12,2018-03-12,SPY,1,exit,,,0.1
2018-03-23,2018-03-23,SPY,-1,exit,,,0.1
2018-03-27,2018-03-27,SPY,-1,exit,,,0.1
2018-03-28,2018-03-28,SPY,-1,exit,,,0.1
2018-04-02,2018-04-02,SPY,-1,exit,,,0.1
2018-04-16,2018-04-16,SPY,-1,reversal,,,0.1
2018-04-18,2018-04-18,SPY,1,exit,,,0.1
2018-04-19,2018-04-19,SPY,-1,reversal,,,0.1
2018-05-09,2018-05-09,SPY,1,exit,,,0.1
2018-05-10,2018-05-10,SPY,1,exit,,,0.1
2018-05-11,2018-05-11,SPY,1,exit,,,0.1
2018-05-14,2018-05-14,SPY,1,exit,,,0.1
2018-05-16,2018-05-16,SPY,1,exit,,,0.1
2018-05-17,2018-05-17,SPY,1,exit,,,0.1
2018-05-18,2018-05-18,SPY,1,exit,,,0.1
2018-05-21,2018-05-21,SPY,1,exit,,,0.1
2018-05-22,2018-05-22,SPY,1,exit,,,0.1
2018-05-23,2018-05-23,SPY,1,exit,,,0.1
2018-05-24,2018-05-24,SPY,1,exit,,,0.1
2018-06-04,2018-06-04,SPY,1,exit,,,0.1
2018-06-05,2018-06-05,SPY,1,exit,,,0.1
2018-06-06,2018-06-06,SPY,1,exit,,,0.1
2018-06-07,2018-06-07,SPY,1,exit,,,0.1
2018-06-08,2018-06-08,SPY,1,exit,,,0.1
2018-06-11,2018-06-11,SPY,1,exit,,,0.1
2018-06-12,2018-06-12,SPY,1,exit,,,0.1
2018-06-13,2018-06-13,SPY,1,exit,,,0.1
2018-06-14,2018-06-14,SPY,1,exit,,,0.1
2018-06-27,2018-06-27,SPY,-1,exit,,,0.1
2018-07-11,2018-07-11,SPY,1,exit,,,0.1
2018-07-12,2018-07-12,SPY,1,exit,,,0.1
2018-07-13,2018-07-13,SPY,1,exit,,,0.1
2018-07-16,2018-07-16,SPY,1,exit,,,0.1
2018-07-17,2018-07-17,SPY,1,exit,,,0.1
2018-07-18,2018-07-18,SPY,1,exit,,,0.1
2018-07-19,2018-07-19,SPY,1,exit,,,0.1
2018-07-20,2018-07-20,SPY,1,exit,,,0.1
2018-07-23,2018-07-23,SPY,1,exit,,,0.1
2018-07-24,2018-07-24,SPY,1,exit,,,0.1
2018-07-25,2018-07-25,SPY,1,exit,,,0.1
2018-07-26,2018-07-26,SPY,1,exit,,,0.1
2018-08-06,2018-08-06,SPY,1,exit,,,0.1
2018-08-07,2018-08-07,SPY,1,exit,,,0.1
2018-08-08,2018-08-08,SPY,1,exit,,,0.1
2018-08-09,2018-08-09,SPY,1,exit,,,0.1
2018-08-20,2018-08-20,SPY,1,exit,,,0.1
2018-08-22,2018-08-22,SPY,1,exit,,,0.1
2018-08-24,2018-08-24,SPY,1,exit,,,0.1
2018-08-27,2018-08-27,SPY,1,exit,,,0.1
2018-08-28,2018-08-28,SPY,1,exit,,,0.1
2018-08-29,2018-08-29,SPY,1,exit,,,0.1
2018-08-30,2018-08-30,SPY,1,exit,,,0.1
2018-08-31,2018-08-31,SPY,1,exit,,,0.1
2018-09-04,2018-09-04,SPY,1,exit,,,0.1
2018-09-20,2018-09-20,SPY,1,exit,,,0.1
2018-10-10,2018-10-10,SPY,-1,exit,,,0.1
2018-10-11,2018-10-11,SPY,-1,exit,,,0.1
2018-10-24,2018-10-24,SPY,-1,exit,,,0.1
2018-10-25,2018-10-25,SPY,-1,exit,,,0.1
2018-10-26,2018-10-26,SPY,-1,exit,,,0.1
2018-10-29,2018-10-29,SPY,-1,exit,,,0.1
2018-11-08,2018-11-08,SPY,-1,reversal,,,0.1
2018-11-21,2018-11-21,SPY,1,exit,,,0.1
2018-11-23,2018-11-23,SPY,-1,exit,,,0.1
2018-11-26,2018-11-26,SPY,-1,exit,,,0.1
2018-12-17,2018-12-17,SPY,-1,exit,,,0.1
2018-12-18,2018-12-18,SPY,-1,exit,,,0.1
2018-12-19,2018-12-19,SPY,-1,exit,,,0.1
2018-12-20,2018-12-20,SPY,-1,exit,,,0.1
2018-12-21,2018-12-21,SPY,-1,exit,,,0.1
2018-12-24,2018-12-24,SPY,-1,exit,,,0.1
2019-01-09,2019-01-09,SPY,-1,reversal,,,0.1
2019-01-18,2019-01-18,SPY,1,exit,,,0.1
2019-01-22,2019-01-22,SPY,-1,reversal,,,0.1
2019-01-24,2019-01-24,SPY,1,exit,,,0.1
2019-01-25,2019-01-25,SPY,1,exit,,,0.1
2019-01-31,2019-01-31,SPY,1,exit,,,0.1
2019-02-01,2019-02-01,SPY,1,exit,,,0.1
2019-02-04,2019-02-04,SPY,1,exit,,,0.1
2019-02-05,2019-02-05,SPY,1,exit,,,0.1
2019-02-06,2019-02-06,SPY,1,exit,,,0.1
2019-02-12,2019-02-12,SPY,1,exit,,,0.1
2019-02-13,2019-02-13,SPY,1,exit,,,0.1
2019-02-14,2019-02-14,SPY,1,exit,,,0.1
2019-02-15,2019-02-15,SPY,1,exit,,,0.1
2019-02-19,2019-02-19,SPY,1,exit,,,0.1
2019-02-20,2019-02-20,SPY,1,exit,,,0.1
2019-02-21,2019-02-21,SPY,1,exit,,,0.1
2019-02-22,2019-02-22,SPY,1,exit,,,0.1
2019-02-25,2019-02-25,SPY,1,exit,,,0.1
2019-02-26,2019-02-26,SPY,1,exit,,,0.1
2019-02-27,2019-02-27,SPY,1,exit,,,0.1
2019-02-28,2019-02-28,SPY,1,exit,,,0.1
2019-03-01,2019-03-01,SPY,1,exit,,,0.1
2019-03-14,2019-03-14,SPY,1,exit,,,0.1
2019-03-15,2019-03-15,SPY,1,exit,,,0.1
2019-03-18,2019-03-18,SPY,1,exit,,,0.1
2019-03-19,2019-03-19,SPY,1,exit,,,0.1
2019-03-21,2019-03-21,SPY,1,exit,,,0.1
2019-04-02,2019-04-02,SPY,1,exit,,,0.1
2019-04-03,2019-04-03,SPY,1,exit,,,0.1
2019-04-04,2019-04-04,SPY,1,exit,,,0.1
2019-04-05,2019-04-05,SPY,1,exit,,,0.1
2019-04-08,2019-04-08,SPY,1,exit,,,0.1
2019-04-09,2019-04-09,SPY,1,exit,,,0.1
2019-04-10,2019-04-10,SPY,1,exit,,,0.1
2019-04-11,2019-04-11,SPY,1,exit,,,0.1
2019-04-12,2019-04-12,SPY,1,exit,,,0.1
2019-04-15,2019-04-15,SPY,1,exit,,,0.1
2019-04-16,2019-04-16,SPY,1,exit,,,0.1
2019-04-17,2019-04-17,SPY,1,exit,,,0.1
2019-04-18,2019-04-18,SPY,1,exit,,,0.1
2019-04-22,2019-04-22,SPY,1,exit,,,0.1
2019-04-23,2019-04-23,SPY,1,exit,,,0.1
2019-04-24,2019-04-24,SPY,1,exit,,,0.1
2019-04-26,2019-04-26,SPY,1,exit,,,0.1
2019-04-29,2019-04-29,SPY,1,exit,,,0.1
2019-04-30,2019-04-30,SPY,1,exit,,,0.1
2019-05-28,2019-05-28,SPY,-1,exit,,,0.1
2019-05-29,2019-05-29,SPY,-1,exit,,,0.1
2019-05-30,2019-05-30,SPY,-1,exit,,,0.1
2019-05-31,2019-05-31,SPY,-1,exit,,,0.1
2019-06-03,2019-06-03,SPY,-1,exit,,,0.1
2019-06-10,2019-06-10,SPY,1,exit,,,0.1
2019-06-11,2019-06-11,SPY,1,exit,,,0.1
2019-06-12,2019-06-12,SPY,1,exit,,,0.1
2019-06-13,2019-06-13,SPY,1,exit,,,0.1
2019-06-14,2019-06-14,SPY,1,exit,,,0.1
2019-06-17,2019-06-17,SPY,1,exit,,,0.1
2019-06-18,2019-06-18,SPY,1,exit,,,0.1
2019-06-19,2019-06-19,SPY,1,exit,,,0.1
2019-06-20,2019-06-20,SPY,1,exit,,,0.1
2019-06-21,2019-06-21,SPY,1,exit,,,0.1
2019-06-24,2019-06-24,SPY,1,exit,,,0.1
2019-07-02,2019-07-02,SPY,1,exit,,,0.1
2019-07-03,2019-07-03,SPY,1,exit,,,0.1
2019-07-05,2019-07-05,SPY,1,exit,,,0.1
2019-07-11,2019-07-11,SPY,1,exit,,,0.1
2019-07-12,2019-07-12,SPY,1,exit,,,0.1
2019-07-15,2019-07-15,SPY,1,exit,,,0.1
2019-07-16,2019-07-16,SPY,1,exit,,,0.1
2019-07-26,2019-07-26,SPY,1,exit,,,0.1
2019-07-29,2019-07-29,SPY,1,exit,,,0.1
2019-08-02,2019-08-02,SPY,1,reversal,,,0.1
2019-08-05,2019-08-05,SPY,-1,exit,,,0.1
2019-09-04,2019-09-04,SPY,1,exit,,,0.1
2019-09-05,2019-09-05,SPY,1,exit,,,0.1
2019-09-06,2019-09-06,SPY,1,exit,,,0.1
2019-09-09,2019-09-09,SPY,1,exit,,,0.1
2019-09-10,2019-09-10,SPY,1,exit,,,0.1
2019-09-11,2019-09-11,SPY,1,exit,,,0.1
2019-09-12,2019-09-12,SPY,1,exit,,,0.1
2019-09-13,2019-09-13,SPY,1,exit,,,0.1
2019-09-16,2019-09-16,SPY,1,exit,,,0.1
2019-09-17,2019-09-17,SPY,1,exit,,,0.1
2019-09-18,2019-09-18,SPY,1,exit,,,0.1
2019-09-19,2019-09-19,SPY,1,exit,,,0.1
2019-10-02,2019-10-02,SPY,-1,exit,,,0.1
2019-10-15,2019-10-15,SPY,1,exit,,,0.1
2019-10-16,2019-10-16,SPY,1,exit,,,0.1
2019-10-17,2019-10-17,SPY,1,exit,,,0.1
2019-10-18,2019-10-18,SPY,1,exit,,,0.1
2019-10-21,2019-10-21,SPY,1,exit,,,0.1
2019-10-22,2019-10-22,SPY,1,exit,,,0.1
2019-10-23,2019-10-23,SPY,1,exit,,,0.1
2019-10-24,2019-10-24,SPY,1,exit,,,0.1
2019-10-25,2019-10-25,SPY,1,exit,,,0.1
2019-10-28,2019-10-28,SPY,1,exit,,,0.1
2019-10-29,2019-10-29,SPY,1,exit,,,0.1
2019-10-30,2019-10-30,SPY,1,exit,,,0.1
2019-10-31,2019-10-31,SPY,1,exit,,,0.1
2019-11-01,2019-11-01,SPY,1,exit,,,0.1
2019-11-04,2019-11-04,SPY,1,exit,,,0.1
2019-11-05,2019-11-05,SPY,1,exit,,,0.1
2019-11-06,2019-11-06,SPY,1,exit,,,0.1
2019-11-07,2019-11-07,SPY,1,exit,,,0.1
2019-11-08,2019-11-08,SPY,1,exit,,,0.1
2019-11-11,2019-11-11,SPY,1,exit,,,0.1
2019-11-12,2019-11-12,SPY,1,exit,,,0.1
2019-11-13,2019-11-13,SPY,1,exit,,,0.1
2019-11-14,2019-11-14,SPY,1,exit,,,0.1
2019-11-15,2019-11-15,SPY,1,exit,,,0.1
2019-11-18,2019-11-18,SPY,1,exit,,,0.1
2019-11-19,2019-11-19,SPY,1,exit,,,0.1
2019-11-26,2019-11-26,SPY,1,exit,,,0.1
2019-11-27,2019-11-27,SPY,1,exit,,,0.1
2019-11-29,2019-11-29,SPY,1,exit,,,0.1
2019-12-12,2019-12-12,SPY,1,exit,,,0.1
2019-12-13,2019-12-13,SPY,1,exit,,,0.1
2019-12-16,2019-12-16,SPY,1,exit,,,0.1
2019-12-17,2019-12-17,SPY,1,exit,,,0.1
2019-12-18,2019-12-18,SPY,1,exit,,,0.1
2019-12-19,2019-12-19,SPY,1,exit,,,0.1
2019-12-20,2019-12-20,SPY,1,exit,,,0.1
2019-12-23,2019-12-23,SPY,1,exit,,,0.1
2019-12-24,2019-12-24,SPY,1,exit,,,0.1
2019-12-26,2019-12-26,SPY,1,exit,,,0.1
2019-12-27,2019-12-27,SPY,1,exit,,,0.1
2019-12-31,2019-12-31,SPY,1,exit,,,0.1
2020-01-02,2020-01-02,SPY,1,exit,,,0.1
2020-01-13,2020-01-13,SPY,1,exit,,,0.1
2020-01-14,2020-01-14,SPY,1,exit,,,0.1
2020-01-15,2020-01-15,SPY,1,exit,,,0.1
2020-01-16,2020-01-16,SPY,1,exit,,,0.1
2020-01-17,2020-01-17,SPY,1,exit,,,0.1
2020-01-21,2020-01-21,SPY,1,exit,,,0.1
2020-01-22,2020-01-22,SPY,1,exit,,,0.1
2020-01-23,2020-01-23,SPY,1,exit,,,0.1
2020-02-06,2020-02-06,SPY,1,exit,,,0.1
2020-02-10,2020-02-10,SPY,1,exit,,,0.1
2020-02-11,2020-02-11,SPY,1,exit,,,0.1
2020-02-12,2020-02-12,SPY,1,exit,,,0.1
2020-02-13,2020-02-13,SPY,1,exit,,,0.1
2020-02-14,2020-02-14,SPY,1,exit,,,0.1
2020-02-18,2020-02-18,SPY,1,exit,,,0.1
2020-02-19,2020-02-19,SPY,1,exit,,,0.1
2020-02-20,2020-02-20,SPY,1,exit,,,0.1
2020-02-26,2020-02-26,SPY,-1,exit,,,0.1
2020-02-27,2020-02-27,SPY,-1,exit,,,0.1
2020-03-10,2020-03-10,SPY,-1,exit,,,0.1
2020-03-11,2020-03-11,SPY,-1,exit,,,0.1
2020-03-12,2020-03-12,SPY,-1,exit,,,0.1
2020-03-16,2020-03-16,SPY,-1,exit,,,0.1
2020-03-17,2020-03-17,SPY,-1,exit,,,0.1
2020-03-19,2020-03-19,SPY,-1,exit,,,0.1
2020-03-20,2020-03-20,SPY,-1,exit,,,0.1
2020-03-23,2020-03-23,SPY,-1,exit,,,0.1
2020-04-07,2020-04-07,SPY,-1,reversal,,,0.1
2020-04-29,2020-04-29,SPY,1,exit,,,0.1
2020-05-20,2020-05-20,SPY,1,exit,,,0.1
2020-05-21,2020-05-21,SPY,1,exit,,,0.1
2020-05-22,2020-05-22,SPY,1,exit,,,0.1
2020-05-26,2020-05-26,SPY,1,exit,,,0.1
2020-05-27,2020-05-27,SPY,1,exit,,,0.1
2020-05-28,2020-05-28,SPY,1,exit,,,0.1
2020-05-29,2020-05-29,SPY,1,exit,,,0.1
2020-06-01,2020-06-01,SPY,1,exit,,,0.1
2020-06-02,2020-06-02,SPY,1,exit,,,0.1
2020-06-03,2020-06-03,SPY,1,exit,,,0.1
2020-06-04,2020-06-04,SPY,1,exit,,,0.1
2020-06-05,2020-06-05,SPY,1,exit,,,0.1
2020-06-08,2020-06-08,SPY,1,exit,,,0.1
2020-06-09,2020-06-09,SPY,1,exit,,,0.1
2020-07-06,2020-07-06,SPY,1,exit,,,0.1
2020-07-07,2020-07-07,SPY,1,exit,,,0.1
2020-07-08,2020-07-08,SPY,1,exit,,,0.1
2020-07-09,2020-07-09,SPY,1,exit,,,0.1
2020-07-10,2020-07-10,SPY,1,exit,,,0.1
2020-07-14,2020-07-14,SPY,1,exit,,,0.1
2020-07-15,2020-07-15,SPY,1,exit,,,0.1
2020-07-16,2020-07-16,SPY,1,exit,,,0.1
2020-07-17,2020-07-17,SPY,1,exit,,,0.1
2020-07-20,2020-07-20,SPY,1,exit,,,0.1
2020-07-21,2020-07-21,SPY,1,exit,,,0.1
2020-07-22,2020-07-22,SPY,1,exit,,,0.1
2020-07-31,2020-07-31,SPY,1,exit,,,0.1
2020-08-03,2020-08-03,SPY,1,exit,,,0.1
2020-08-04,2020-08-04,SPY,1,exit,,,0.1
2020-08-05,2020-08-05,SPY,1,exit,,,0.1
2020-08-06,2020-08-06,SPY,1,exit,,,0.1
2020-08-07,2020-08-07,SPY,1,exit,,,0.1
2020-08-10,2020-08-10,SPY,1,exit,,,0.1
2020-08-12,2020-08-12,SPY,1,exit,,,0.1
2020-08-13,2020-08-13,SPY,1,exit,,,0.1
2020-08-14,2020-08-14,SPY,1,exit,,,0.1
2020-08-17,2020-08-17,SPY,1,exit,,,0.1
2020-08-18,2020-08-18,SPY,1,exit,,,0.1
2020-08-19,2020-08-19,SPY,1,exit,,,0.1
2020-08-20,2020-08-20,SPY,1,exit,,,0.1
2020-08-21,2020-08-21,SPY,1,exit,,,0.1
2020-08-24,2020-08-24,SPY,1,exit,,,0.1
2020-08-25,2020-08-25,SPY,1,exit,,,0.1
2020-08-26,2020-08-26,SPY,1,exit,,,0.1
2020-08-27,2020-08-27,SPY,1,exit,,,0.1
2020-08-28,2020-08-28,SPY,1,exit,,,0.1
2020-08-31,2020-08-31,SPY,1,exit,,,0.1
2020-09-01,2020-09-01,SPY,1,exit,,,0.1
2020-09-02,2020-09-02,SPY,1,exit,,,0.1
2020-09-21,2020-09-21,SPY,-1,exit,,,0.1
2020-09-23,2020-09-23,SPY,-1,exit,,,0.1
2020-09-24,2020-09-24,SPY,-1,exit,,,0.1
2020-10-07,2020-10-07,SPY,1,exit,,,0.1
2020-10-08,2020-10-08,SPY,1,exit,,,0.1
2020-10-09,2020-10-09,SPY,1,exit,,,0.1
2020-10-12,2020-10-12,SPY,1,exit,,,0.1
2020-10-13,2020-10-13,SPY,1,exit,,,0.1
2020-10-14,2020-10-14,SPY,1,exit,,,0.1
2020-10-28,2020-10-28,SPY,-1,exit,,,0.1
2020-10-29,2020-10-29,SPY,-1,exit,,,0.1
2020-10-30,2020-10-30,SPY,-1,exit,,,0.1
2020-11-06,2020-11-06,SPY,1,exit,,,0.1
2020-11-17,2020-11-17,SPY,1,exit,,,0.1
2020-11-25,2020-11-25,SPY,1,exit,,,0.1
2020-11-27,2020-11-27,SPY,1,exit,,,0.1
2020-11-30,2020-11-30,SPY,1,exit,,,0.1
2020-12-01,2020-12-01,SPY,1,exit,,,0.1
2020-12-02,2020-12-02,SPY,1,exit,,,0.1
2020-12-03,2020-12-03,SPY,1,exit,,,0.1
2020-12-04,2020-12-04,SPY,1,exit,,,0.1
2020-12-07,2020-12-07,SPY,1,exit,,,0.1
2020-12-08,2020-12-08,SPY,1,exit,,,0.1
2020-12-17,2020-12-17,SPY,1,exit,,,0.1
2020-12-29,2020-12-29,SPY,1,exit,,,0.1
2020-12-30,2020-12-30,SPY,1,exit,,,0.1
2020-12-31,2020-12-31,SPY,1,exit,,,0.1
2021-01-07,2021-01-07,SPY,1,exit,,,0.1
2021-01-08,2021-01-08,SPY,1,exit,,,0.1
2021-01-11,2021-01-11,SPY,1,exit,,,0.1
2021-01-12,2021-01-12,SPY,1,exit,,,0.1
2021-01-13,2021-01-13,SPY,1,exit,,,0.1
2021-01-20,2021-01-20,SPY,1,exit,,,0.1
2021-01-21,2021-01-21,SPY,1,exit,,,0.1
2021-01-22,2021-01-22,SPY,1,exit,,,0.1
2021-01-25,2021-01-25,SPY,1,exit,,,0.1
2021-01-26,2021-01-26,SPY,1,exit,,,0.1
2021-01-29,2021-01-29,SPY,1,reversal,,,0.1
2021-02-04,2021-02-04,SPY,-1,exit,,,0.1
2021-02-05,2021-02-05,SPY,1,exit,,,0.1
2021-02-08,2021-02-08,SPY,1,exit,,,0.1
2021-02-09,2021-02-09,SPY,1,exit,,,0.1
2021-02-10,2021-02-10,SPY,1,exit,,,0.1
2021-02-11,2021-02-11,SPY,1,exit,,,0.1
2021-02-12,2021-02-12,SPY,1,exit,,,0.1
2021-02-16,2021-02-16,SPY,1,exit,,,0.1
2021-02-17,2021-02-17,SPY,1,exit,,,0.1
2021-02-18,2021-02-18,SPY,1,exit,,,0.1
2021-03-11,2021-03-11,SPY,1,exit,,,0.1
2021-03-12,2021-03-12,SPY,1,exit,,,0.1
2021-03-15,2021-03-15,SPY,1,exit,,,0.1
2021-03-16,2021-03-16,SPY,1,exit,,,0.1
2021-03-17,2021-03-17,SPY,1,exit,,,0.1
2021-04-05,2021-04-05,SPY,1,exit,,,0.1
2021-04-06,2021-04-06,SPY,1,exit,,,0.1
2021-04-07,2021-04-07,SPY,1,exit,,,0.1
2021-04-08,2021-04-08,SPY,1,exit,,,0.1
2021-04-09,2021-04-09,SPY,1,exit,,,0.1
2021-04-12,2021-04-12,SPY,1,exit,,,0.1
2021-04-13,2021-04-13,SPY,1,exit,,,0.1
2021-04-14,2021-04-14,SPY,1,exit,,,0.1
2021-04-15,2021-04-15,SPY,1,exit,,,0.1
2021-04-16,2021-04-16,SPY,1,exit,,,0.1
2021-04-19,2021-04-19,SPY,1,exit,,,0.1
2021-04-21,2021-04-21,SPY,1,exit,,,0.1
2021-04-26,2021-04-26,SPY,1,exit,,,0.1
2021-04-27,2021-04-27,SPY,1,exit,,,0.1
2021-04-28,2021-04-28,SPY,1,exit,,,0.1
2021-04-29,2021-04-29,SPY,1,exit,,,0.1
2021-05-26,2021-05-26,SPY,1,exit,,,0.1
2021-05-27,2021-05-27,SPY,1,exit,,,0.1
2021-05-28,2021-05-28,SPY,1,exit,,,0.1
2021-06-01,2021-06-01,SPY,1,exit,,,0.1
2021-06-02,2021-06-02,SPY,1,exit,,,0.1
2021-06-04,2021-06-04,SPY,1,exit,,,0.1
2021-06-07,2021-06-07,SPY,1,exit,,,0.1
2021-06-08,2021-06-08,SPY,1,exit,,,0.1
2021-06-09,2021-06-09,SPY,1,exit,,,0.1
2021-06-10,2021-06-10,SPY,1,exit,,,0.1
2021-06-11,2021-06-11,SPY,1,exit,,,0.1
2021-06-14,2021-06-14,SPY,1,exit,,,0.1
2021-06-15,2021-06-15,SPY,1,exit,,,0.1
2021-06-24,2021-06-24,SPY,1,exit,,,0.1
2021-06-25,2021-06-25,SPY,1,exit,,,0.1
2021-06-28,2021-06-28,SPY,1,exit,,,0.1
2021-06-29,2021-06-29,SPY,1,exit,,,0.1
2021-06-30,2021-06-30,SPY,1,exit,,,0.1
2021-07-01,2021-07-01,SPY,1,exit,,,0.1
2021-07-02,2021-07-02,SPY,1,exit,,,0.1
2021-07-06,2021-07-06,SPY,1,exit,,,0.1
2021-07-07,2021-07-07,SPY,1,exit,,,0.1
2021-07-09,2021-07-09,SPY,1,exit,,,0.1
2021-07-12,2021-07-12,SPY,1,exit,,,0.1
2021-07-13,2021-07-13,SPY,1,exit,,,0.1
2021-07-14,2021-07-14,SPY,1,exit,,,0.1
2021-07-23,2021-07-23,SPY,1,exit,,,0.1
2021-07-26,2021-07-26,SPY,1,exit,,,0.1
2021-07-27,2021-07-27,SPY,1,exit,,,0.1
2021-07-28,2021-07-28,SPY,1,exit,,,0.1
2021-07-29,2021-07-29,SPY,1,exit,,,0.1
2021-07-30,2021-07-30,SPY,1,exit,,,0.1
2021-08-02,2021-08-02,SPY,1,exit,,,0.1
2021-08-03,2021-08-03,SPY,1,exit,,,0.1
2021-08-04,2021-08-04,SPY,1,exit,,,0.1
2021-08-05,2021-08-05,SPY,1,exit,,,0.1
2021-08-06,2021-08-06,SPY,1,exit,,,0.1
2021-08-09,2021-08-09,SPY,1,exit,,,0.1
2021-08-10,2021-08-10,SPY,1,exit,,,0.1
2021-08-11,2021-08-11,SPY,1,exit,,,0.1
2021-08-12,2021-08-12,SPY,1,exit,,,0.1
2021-08-13,2021-08-13,SPY,1,exit,,,0.1
2021-08-16,2021-08-16,SPY,1,exit,,,0.1
2021-08-24,2021-08-24,SPY,1,exit,,,0.1
2021-08-25,2021-08-25,SPY,1,exit,,,0.1
2021-08-27,2021-08-27,SPY,1,exit,,,0.1
2021-08-30,2021-08-30,SPY,1,exit,,,0.1
2021-08-31,2021-08-31,SPY,1,exit,,,0.1
2021-09-01,2021-09-01,SPY,1,exit,,,0.1
2021-09-02,2021-09-02,SPY,1,exit,,,0.1
2021-09-03,2021-09-03,SPY,1,exit,,,0.1
2021-09-07,2021-09-07,SPY,1,exit,,,0.1
2021-09-14,2021-09-14,SPY,1,reversal,,,0.1
2021-09-20,2021-09-20,SPY,-1,exit,,,0.1
2021-09-21,2021-09-21,SPY,-1,exit,,,0.1
2021-10-18,2021-10-18,SPY,1,exit,,,0.1
2021-10-19,2021-10-19,SPY,1,exit,,,0.1
2021-10-20,2021-10-20,SPY,1,exit,,,0.1
2021-10-21,2021-10-21,SPY,1,exit,,,0.1
2021-10-22,2021-10-22,SPY,1,exit,,,0.1
2021-10-25,2021-10-25,SPY,1,exit,,,0.1
2021-10-26,2021-10-26,SPY,1,exit,,,0.1
2021-10-27,2021-10-27,SPY,1,exit,,,0.1
2021-10-28,2021-10-28,SPY,1,exit,,,0.1
2021-10-29,2021-10-29,SPY,1,exit,,,0.1
2021-11-01,2021-11-01,SPY,1,exit,,,0.1
2021-11-02,2021-11-02,SPY,1,exit,,,0.1
2021-11-03,2021-11-03,SPY,1,exit,,,0.1
2021-11-04,2021-11-04,SPY,1,exit,,,0.1
2021-11-05,2021-11-05,SPY,1,exit,,,0.1
2021-11-08,2021-11-08,SPY,1,exit,,,0.1
2021-11-16,2021-11-16,SPY,1,exit,,,0.1
2021-11-17,2021-11-17,SPY,1,exit,,,0.1
2021-11-18,2021-11-18,SPY,1,exit,,,0.1
2021-12-03,2021-12-03,SPY,1,reversal,,,0.1
2021-12-28,2021-12-28,SPY,-1,exit,,,0.1
2021-12-29,2021-12-29,SPY,1,exit,,,0.1
2021-12-30,2021-12-30,SPY,1,exit,,,0.1
2021-12-31,2021-12-31,SPY,1,exit,,,0.1
2022-01-03,2022-01-03,SPY,1,exit,,,0.1
2022-01-04,2022-01-04,SPY,1,exit,,,0.1
2022-01-19,2022-01-19,SPY,-1,exit,,,0.1
2022-01-20,2022-01-20,SPY,-1,exit,,,0.1
2022-01-21,2022-01-21,SPY,-1,exit,,,0.1
2022-02-09,2022-02-09,SPY,-1,reversal,,,0.1
2022-02-22,2022-02-22,SPY,1,exit,,,0.1
2022-02-23,2022-02-23,SPY,-1,exit,,,0.1
2022-03-18,2022-03-18,SPY,-1,reversal,,,0.1
2022-03-22,2022-03-22,SPY,1,exit,,,0.1
2022-03-23,2022-03-23,SPY,-1,reversal,,,0.1
2022-03-24,2022-03-24,SPY,1,exit,,,0.1
2022-03-25,2022-03-25,SPY,1,exit,,,0.1
2022-03-28,2022-03-28,SPY,1,exit,,,0.1
2022-03-29,2022-03-29,SPY,1,exit,,,0.1
2022-03-30,2022-03-30,SPY,1,exit,,,0.1
2022-03-31,2022-03-31,SPY,1,exit,,,0.1
2022-04-01,2022-04-01,SPY,1,exit,,,0.1
2022-04-04,2022-04-04,SPY,1,exit,,,0.1
2022-04-12,2022-04-12,SPY,-1,exit,,,0.1
2022-04-14,2022-04-14,SPY,-1,exit,,,0.1
2022-04-18,2022-04-18,SPY,-1,exit,,,0.1
2022-04-22,2022-04-22,SPY,-1,exit,,,0.1
2022-04-26,2022-04-26,SPY,-1,exit,,,0.1
2022-04-27,2022-04-27,SPY,-1,exit,,,0.1
2022-04-29,2022-04-29,SPY,-1,exit,,,0.1
2022-05-09,2022-05-09,SPY,-1,exit,,,0.1
2022-05-10,2022-05-10,SPY,-1,exit,,,0.1
2022-05-11,2022-05-11,SPY,-1,exit,,,0.1
2022-05-12,2022-05-12,SPY,-1,exit,,,0.1
2022-05-31,2022-05-31,SPY,-1,reversal,,,0.1
2022-06-14,2022-06-14,SPY,1,exit,,,0.1
2022-06-16,2022-06-16,SPY,-1,exit,,,0.1
2022-06-17,2022-06-17,SPY,-1,exit,,,0.1
2022-06-22,2022-06-22,SPY,-1,exit,,,0.1
2022-07-20,2022-07-20,SPY,-1,reversal,,,0.1
2022-07-21,2022-07-21,SPY,1,exit,,,0.1
2022-07-22,2022-07-22,SPY,-1,reversal,,,0.1
2022-07-26,2022-07-26,SPY,1,exit,,,0.1
2022-07-27,2022-07-27,SPY,1,exit,,,0.1
2022-07-28,2022-07-28,SPY,1,exit,,,0.1
2022-07-29,2022-07-29,SPY,1,exit,,,0.1
2022-08-01,2022-08-01,SPY,1,exit,,,0.1
2022-08-02,2022-08-02,SPY,1,exit,,,0.1
2022-08-03,2022-08-03,SPY,1,exit,,,0.1
2022-08-04,2022-08-04,SPY,1,exit,,,0.1
2022-08-05,2022-08-05,SPY,1,exit,,,0.1
2022-08-08,2022-08-08,SPY,1,exit,,,0.1
2022-08-10,2022-08-10,SPY,1,exit,,,0.1
2022-08-11,2022-08-11,SPY,1,exit,,,0.1
2022-08-12,2022-08-12,SPY,1,exit,,,0.1
2022-08-15,2022-08-15,SPY,1,exit,,,0.1
2022-08-16,2022-08-16,SPY,1,exit,,,0.1
2022-08-18,2022-08-18,SPY,1,exit,,,0.1
2022-08-29,2022-08-29,SPY,1,reversal,,,0.1
2022-08-31,2022-08-31,SPY,-1,exit,,,0.1
2022-09-01,2022-09-01,SPY,-1,exit,,,0.1
2022-09-02,2022-09-02,SPY,-1,exit,,,0.1
2022-09-06,2022-09-06,SPY,-1,exit,,,0.1
2022-09-15,2022-09-15,SPY,-1,exit,,,0.1
2022-09-16,2022-09-16,SPY,-1,exit,,,0.1
2022-09-20,2022-09-20,SPY,-1,exit,,,0.1
2022-09-21,2022-09-21,SPY,-1,exit,,,0.1
2022-09-22,2022-09-22,SPY,-1,exit,,,0.1
2022-09-23,2022-09-23,SPY,-1,exit,,,0.1
2022-09-26,2022-09-26,SPY,-1,exit,,,0.1
2022-09-27,2022-09-27,SPY,-1,exit,,,0.1
2022-09-29,2022-09-29,SPY,-1,exit,,,0.1
2022-09-30,2022-09-30,SPY,-1,exit,,,0.1
2022-10-11,2022-10-11,SPY,-1,exit,,,0.1
2022-10-12,2022-10-12,SPY,-1,exit,,,0.1
2022-10-25,2022-10-25,SPY,-1,reversal,,,0.1
2022-10-28,2022-10-28,SPY,1,exit,,,0.1
2022-10-31,2022-10-31,SPY,-1,reversal,,,0.1
2022-11-10,2022-11-10,SPY,1,exit,,,0.1
2022-11-14,2022-11-14,SPY,1,exit,,,0.1
2022-11-15,2022-11-15,SPY,1,exit,,,0.1
2022-11-22,2022-11-22,SPY,1,exit,,,0.1
2022-11-23,2022-11-23,SPY,1,exit,,,0.1
2022-11-25,2022-11-25,SPY,1,exit,,,0.1
2022-11-30,2022-11-30,SPY,1,exit,,,0.1
2022-12-01,2022-12-01,SPY,1,exit,,,0.1
2022-12-09,2022-12-09,SPY,1,reversal,,,0.1
2022-12-16,2022-12-16,SPY,-1,exit,,,0.1
2022-12-19,2022-12-19,SPY,-1,exit,,,0.1
2022-12-20,2022-12-20,SPY,-1,exit,,,0.1
2022-12-22,2022-12-22,SPY,-1,exit,,,0.1
2022-12-27,2022-12-27,SPY,-1,exit,,,0.1
2022-12-28,2022-12-28,SPY,-1,exit,,,0.1
2023-01-03,2023-01-03,SPY,-1,exit,,,0.1
2023-01-11,2023-01-11,SPY,1,exit,,,0.1
2023-01-12,2023-01-12,SPY,1,exit,,,0.1
2023-01-13,2023-01-13,SPY,1,exit,,,0.1
2023-01-17,2023-01-17,SPY,1,exit,,,0.1
2023-01-24,2023-01-24,SPY,1,exit,,,0.1
2023-01-25,2023-01-25,SPY,1,exit,,,0.1
2023-01-26,2023-01-26,SPY,1,exit,,,0.1
2023-01-27,2023-01-27,SPY,1,exit,,,0.1
2023-01-31,2023-01-31,SPY,1,exit,,,0.1
2023-02-01,2023-02-01,SPY,1,exit,,,0.1
2023-02-02,2023-02-02,SPY,1,exit,,,0.1
2023-02-07,2023-02-07,SPY,1,exit,,,0.1
2023-02-24,2023-02-24,SPY,-1,exit,,,0.1
2023-02-28,2023-02-28,SPY,-1,exit,,,0.1
2023-03-01,2023-03-01,SPY,-1,exit,,,0.1
2023-03-09,2023-03-09,SPY,-1,exit,,,0.1
2023-03-10,2023-03-10,SPY,-1,exit,,,0.1
2023-03-13,2023-03-13,SPY,-1,exit,,,0.1
2023-03-29,2023-03-29,SPY,1,exit,,,0.1
2023-03-30,2023-03-30,SPY,1,exit,,,0.1
2023-03-31,2023-03-31,SPY,1,exit,,,0.1
2023-04-03,2023-04-03,SPY,1,exit,,,0.1
2023-04-04,2023-04-04,SPY,1,exit,,,0.1
2023-04-05,2023-04-05,SPY,1,exit,,,0.1
2023-04-06,2023-04-06,SPY,1,exit,,,0.1
2023-04-10,2023-04-10,SPY,1,exit,,,0.1
2023-04-11,2023-04-11,SPY,1,exit,,,0.1
2023-04-13,2023-04-13,SPY,1,exit,,,0.1
2023-04-14,2023-04-14,SPY,1,exit,,,0.1
2023-04-17,2023-04-17,SPY,1,exit,,,0.1
2023-04-18,2023-04-18,SPY,1,exit,,,0.1
2023-05-01,2023-05-01,SPY,1,exit,,,0.1
2023-05-19,2023-05-19,SPY,1,exit,,,0.1
2023-05-22,2023-05-22,SPY,1,exit,,,0.1
2023-06-01,2023-06-01,SPY,1,exit,,,0.1
2023-06-02,2023-06-02,SPY,1,exit,,,0.1
2023-06-05,2023-06-05,SPY,1,exit,,,0.1
2023-06-06,2023-06-06,SPY,1,exit,,,0.1
2023-06-07,2023-06-07,SPY,1,exit,,,0.1
2023-06-08,2023-06-08,SPY,1,exit,,,0.1
2023-06-09,2023-06-09,SPY,1,exit,,,0.1
2023-06-12,2023-06-12,SPY,1,exit,,,0.1
2023-06-13,2023-06-13,SPY,1,exit,,,0.1
2023-06-14,2023-06-14,SPY,1,exit,,,0.1
2023-06-15,2023-06-15,SPY,1,exit,,,0.1
2023-06-16,2023-06-16,SPY,1,exit,,,0.1
2023-07-03,2023-07-03,SPY,1,exit,,,0.1
2023-07-05,2023-07-05,SPY,1,exit,,,0.1
2023-07-12,2023-07-12,SPY,1,exit,,,0.1
2023-07-13,2023-07-13,SPY,1,exit,,,0.1
2023-07-14,2023-07-14,SPY,1,exit,,,0.1
2023-07-17,2023-07-17,SPY,1,exit,,,0.1
2023-07-18,2023-07-18,SPY,1,exit,,,0.1
2023-07-19,2023-07-19,SPY,1,exit,,,0.1
2023-07-24,2023-07-24,SPY,1,exit,,,0.1
2023-07-25,2023-07-25,SPY,1,exit,,,0.1
2023-07-26,2023-07-26,SPY,1,exit,,,0.1
2023-07-28,2023-07-28,SPY,1,exit,,,0.1
2023-07-31,2023-07-31,SPY,1,exit,,,0.1
2023-08-04,2023-08-04,SPY,1,reversal,,,0.1
2023-08-16,2023-08-16,SPY,-1,exit,,,0.1
2023-08-17,2023-08-17,SPY,-1,exit,,,0.1
2023-08-18,2023-08-18,SPY,-1,exit,,,0.1
2023-08-31,2023-08-31,SPY,1,exit,,,0.1
2023-09-01,2023-09-01,SPY,1,exit,,,0.1
2023-09-21,2023-09-21,SPY,-1,exit,,,0.1
2023-09-22,2023-09-22,SPY,-1,exit,,,0.1
2023-09-25,2023-09-25,SPY,-1,exit,,,0.1
2023-09-26,2023-09-26,SPY,-1,exit,,,0.1
2023-09-27,2023-09-27,SPY,-1,exit,,,0.1
2023-09-29,2023-09-29,SPY,-1,exit,,,0.1
2023-10-02,2023-10-02,SPY,-1,exit,,,0.1
2023-10-03,2023-10-03,SPY,-1,exit,,,0.1
2023-10-04,2023-10-04,SPY,-1,exit,,,0.1
2023-10-05,2023-10-05,SPY,-1,exit,,,0.1
2023-10-25,2023-10-25,SPY,-1,exit,,,0.1
2023-10-26,2023-10-26,SPY,-1,exit,,,0.1
2023-10-27,2023-10-27,SPY,-1,exit,,,0.1
2023-11-06,2023-11-06,SPY,1,exit,,,0.1
2023-11-07,2023-11-07,SPY,1,exit,,,0.1
2023-11-08,2023-11-08,SPY,1,exit,,,0.1
2023-11-09,2023-11-09,SPY,-1,reversal,,,0.1
2023-11-10,2023-11-10,SPY,1,exit,,,0.1
2023-11-13,2023-11-13,SPY,1,exit,,,0.1
2023-11-14,2023-11-14,SPY,1,exit,,,0.1
2023-11-15,2023-11-15,SPY,1,exit,,,0.1
2023-11-16,2023-11-16,SPY,1,exit,,,0.1
2023-11-17,2023-11-17,SPY,1,exit,,,0.1
2023-11-20,2023-11-20,SPY,1,exit,,,0.1
2023-11-21,2023-11-21,SPY,1,exit,,,0.1
2023-11-22,2023-11-22,SPY,1,exit,,,0.1
2023-11-24,2023-11-24,SPY,1,exit,,,0.1
2023-11-27,2023-11-27,SPY,1,exit,,,0.1
2023-11-28,2023-11-28,SPY,1,exit,,,0.1
2023-11-29,2023-11-29,SPY,1,exit,,,0.1
2023-11-30,2023-11-30,SPY,1,exit,,,0.1
2023-12-01,2023-12-01,SPY,1,exit,,,0.1
2023-12-11,2023-12-11,SPY,1,exit,,,0.1
2023-12-12,2023-12-12,SPY,1,exit,,,0.1
2023-12-13,2023-12-13,SPY,1,exit,,,0.1
2023-12-14,2023-12-14,SPY,1,exit,,,0.1
2023-12-15,2023-12-15,SPY,1,exit,,,0.1
2023-12-18,2023-12-18,SPY,1,exit,,,0.1
2023-12-19,2023-12-19,SPY,1,exit,,,0.1
2023-12-21,2023-12-21,SPY,1,exit,,,0.1
2023-12-26,2023-12-26,SPY,1,exit,,,0.1
2023-12-27,2023-12-27,SPY,1,exit,,,0.1
2023-12-28,2023-12-28,SPY,1,exit,,,0.1
2023-12-29,2023-12-29,SPY,1,exit,,,0.1
2024-01-10,2024-01-10,SPY,1,exit,,,0.1
2024-01-19,2024-01-19,SPY,1,exit,,,0.1
2024-01-22,2024-01-22,SPY,1,exit,,,0.1
2024-01-23,2024-01-23,SPY,1,exit,,,0.1
2024-01-24,2024-01-24,SPY,1,exit,,,0.1
2024-01-25,2024-01-25,SPY,1,exit,,,0.1
2024-01-26,2024-01-26,SPY,1,exit,,,0.1
2024-01-29,2024-01-29,SPY,1,exit,,,0.1
2024-01-30,2024-01-30,SPY,1,exit,,,0.1
2024-02-01,2024-02-01,SPY,1,exit,,,0.1
2024-02-02,2024-02-02,SPY,1,exit,,,0.1
2024-02-05,2024-02-05,SPY,1,exit,,,0.1
2024-02-06,2024-02-06,SPY,1,exit,,,0.1
2024-02-07,2024-02-07,SPY,1,exit,,,0.1
2024-02-08,2024-02-08,SPY,1,exit,,,0.1
2024-02-09,2024-02-09,SPY,1,exit,,,0.1
2024-02-12,2024-02-12,SPY,1,exit,,,0.1
2024-02-22,2024-02-22,SPY,1,exit,,,0.1
2024-02-23,2024-02-23,SPY,1,exit,,,0.1
2024-02-27,2024-02-27,SPY,1,exit,,,0.1
2024-02-29,2024-02-29,SPY,1,exit,,,0.1
2024-03-01,2024-03-01,SPY,1,exit,,,0.1
2024-03-04,2024-03-04,SPY,1,exit,,,0.1
2024-03-12,2024-03-12,SPY,1,exit,,,0.1
2024-03-13,2024-03-13,SPY,1,exit,,,0.1
2024-03-21,2024-03-21,SPY,1,exit,,,0.1
2024-03-22,2024-03-22,SPY,1,exit,,,0.1
2024-03-27,2024-03-27,SPY,1,exit,,,0.1
2024-03-28,2024-03-28,SPY,1,exit,,,0.1
2024-04-15,2024-04-15,SPY,-1,exit,,,0.1
2024-04-16,2024-04-16,SPY,-1,exit,,,0.1
2024-04-17,2024-04-17,SPY,-1,exit,,,0.1
2024-04-18,2024-04-18,SPY,-1,exit,,,0.1
2024-04-19,2024-04-19,SPY,-1,exit,,,0.1
2024-04-22,2024-04-22,SPY,-1,exit,,,0.1
2024-05-06,2024-05-06,SPY,1,exit,,,0.1
2024-05-07,2024-05-07,SPY,1,exit,,,0.1
2024-05-08,2024-05-08,SPY,1,exit,,,0.1
2024-05-09,2024-05-09,SPY,1,exit,,,0.1
2024-05-10,2024-05-10,SPY,1,exit,,,0.1
2024-05-13,2024-05-13,SPY,1,exit,,,0.1
2024-05-14,2024-05-14,SPY,1,exit,,,0.1
2024-05-15,2024-05-15,SPY,1,exit,,,0.1
2024-05-16,2024-05-16,SPY,1,exit,,,0.1
2024-05-17,2024-05-17,SPY,1,exit,,,0.1
2024-05-20,2024-05-20,SPY,1,exit,,,0.1
2024-05-21,2024-05-21,SPY,1,exit,,,0.1
2024-05-22,2024-05-22,SPY,1,exit,,,0.1
2024-06-06,2024-06-06,SPY,1,exit,,,0.1
2024-06-07,2024-06-07,SPY,1,exit,,,0.1
2024-06-10,2024-06-10,SPY,1,exit,,,0.1
2024-06-11,2024-06-11,SPY,1,exit,,,0.1
2024-06-12,2024-06-12,SPY,1,exit,,,0.1
2024-06-13,2024-06-13,SPY,1,exit,,,0.1
2024-06-14,2024-06-14,SPY,1,exit,,,0.1
2024-06-17,2024-06-17,SPY,1,exit,,,0.1
2024-06-18,2024-06-18,SPY,1,exit,,,0.1
2024-06-20,2024-06-20,SPY,1,exit,,,0.1
2024-07-03,2024-07-03,SPY,1,exit,,,0.1
2024-07-05,2024-07-05,SPY,1,exit,,,0.1
2024-07-08,2024-07-08,SPY,1,exit,,,0.1
2024-07-09,2024-07-09,SPY,1,exit,,,0.1
2024-07-10,2024-07-10,SPY,1,exit,,,0.1
2024-07-12,2024-07-12,SPY,1,exit,,,0.1
2024-07-16,2024-07-16,SPY,1,exit,,,0.1
2024-07-25,2024-07-25,SPY,1,reversal,,,0.1
2024-08-02,2024-08-02,SPY,-1,exit,,,0.1
2024-08-15,2024-08-15,SPY,1,exit,,,0.1
2024-08-16,2024-08-16,SPY,1,exit,,,0.1
2024-08-19,2024-08-19,SPY,1,exit,,,0.1
2024-08-20,2024-08-20,SPY,1,exit,,,0.1
2024-08-21,2024-08-21,SPY,1,exit,,,0.1
2024-08-22,2024-08-22,SPY,1,exit,,,0.1
2024-08-23,2024-08-23,SPY,1,exit,,,0.1
2024-08-26,2024-08-26,SPY,1,exit,,,0.1
2024-08-27,2024-08-27,SPY,1,exit,,,0.1
2024-08-29,2024-08-29,SPY,1,exit,,,0.1
2024-08-30,2024-08-30,SPY,1,exit,,,0.1
2024-09-06,2024-09-06,SPY,-1,exit,,,0.1
2024-09-16,2024-09-16,SPY,1,exit,,,0.1
2024-09-17,2024-09-17,SPY,1,exit,,,0.1
2024-09-18,2024-09-18,SPY,1,exit,,,0.1
2024-09-19,2024-09-19,SPY,1,exit,,,0.1
2024-09-20,2024-09-20,SPY,1,exit,,,0.1
2024-09-23,2024-09-23,SPY,1,exit,,,0.1
2024-09-24,2024-09-24,SPY,1,exit,,,0.1
2024-09-25,2024-09-25,SPY,1,exit,,,0.1
2024-09-26,2024-09-26,SPY,1,exit,,,0.1
2024-09-27,2024-09-27,SPY,1,exit,,,0.1
2024-09-30,2024-09-30,SPY,1,exit,,,0.1
2024-10-10,2024-10-10,SPY,1,exit,,,0.1
2024-10-11,2024-10-11,SPY,1,exit,,,0.1
2024-10-14,2024-10-14,SPY,1,exit,,,0.1
2024-10-16,2024-10-16,SPY,1,exit,,,0.1
2024-10-18,2024-10-18,SPY,1,exit,,,0.1
2024-10-21,2024-10-21,SPY,1,exit,,,0.1
2024-10-22,2024-10-22,SPY,1,exit,,,0.1
2024-11-01,2024-11-01,SPY,1,reversal,,,0.1
2024-11-08,2024-11-08,SPY,-1,exit,,,0.1
2024-11-11,2024-11-11,SPY,1,exit,,,0.1
2024-11-12,2024-11-12,SPY,1,exit,,,0.1
2024-11-13,2024-11-13,SPY,1,exit,,,0.1
2024-11-26,2024-11-26,SPY,1,exit,,,0.1
2024-11-27,2024-11-27,SPY,1,exit,,,0.1
2024-11-29,2024-11-29,SPY,1,exit,,,0.1
2024-12-02,2024-12-02,SPY,1,exit,,,0.1
2024-12-03,2024-12-03,SPY,1,exit,,,0.1
2024-12-04,2024-12-04,SPY,1,exit,,,0.1
2024-12-05,2024-12-05,SPY,1,exit,,,0.1
2024-12-06,2024-12-06,SPY,1,exit,,,0.1
2024-12-09,2024-12-09,SPY,1,exit,,,0.1
2024-12-11,2024-12-11,SPY,1,exit,,,0.1
2025-01-21,2025-01-21,SPY,1,exit,,,0.1
2025-01-22,2025-01-22,SPY,1,exit,,,0.1
2025-01-23,2025-01-23,SPY,1,exit,,,0.1
2025-01-24,2025-01-24,SPY,1,exit,,,0.1
2025-01-30,2025-01-30,SPY,1,exit,,,0.1
2025-02-13,2025-02-13,SPY,1,exit,,,0.1
2025-02-14,2025-02-14,SPY,1,exit,,,0.1
2025-02-18,2025-02-18,SPY,1,exit,,,0.1
2025-02-19,2025-02-19,SPY,1,exit,,,0.1
2025-02-20,2025-02-20,SPY,1,exit,,,0.1
2025-02-27,2025-02-27,SPY,-1,exit,,,0.1
2025-03-03,2025-03-03,SPY,-1,exit,,,0.1
2025-03-06,2025-03-06,SPY,-1,exit,,,0.1
2025-03-07,2025-03-07,SPY,-1,exit,,,0.1
2025-03-10,2025-03-10,SPY,-1,exit,,,0.1
2025-03-11,2025-03-11,SPY,-1,exit,,,0.1
2025-03-12,2025-03-12,SPY,-1,exit,,,0.1
2025-03-13,2025-03-13,SPY,-1,exit,,,0.1
2025-04-04,2025-04-04,SPY,-1,exit,,,0.1
2025-04-08,2025-04-08,SPY,-1,exit,,,0.1
2025-04-24,2025-04-24,SPY,-1,reversal,,,0.1
2025-05-02,2025-05-02,SPY,1,exit,,,0.1
2025-05-05,2025-05-05,SPY,-1,reversal,,,0.1
2025-05-08,2025-05-08,SPY,1,exit,,,0.1
2025-05-09,2025-05-09,SPY,1,exit,,,0.1
